iso3c,iso2c,country_code,country_name,eu27,un_region_name,un_sub_region_name,un_intermediate_region_name,un_region_clean,un_sub_region_clean,un_intermediate_region_clean,un_developed_or_developing_countries,internal_count,regional_count,external_count,unknown_count,total_count,internal_percentage,regional_percentage,external_percentage,is_cbd_party,wb_income_group,is_cbd_party_1,wb_income_group_1,is_ldc,is_sids,is_cbd_party_2,wb_income_group_2,is_ldc_1,is_sids_1
USA,US,US,United States,FALSE,Americas,Northern America,,Americas,Northern-America,,Developed,1094735241,1707067,12053291,177,1108495776,98.76,0.15,1.09,False,High income,False,High income,False,False,False,High income,False,False
FRA,FR,FR,France,TRUE,Europe,Western Europe,,Europe,Western-Europe,,Developed,190137702,6807537,8143013,151,205088403,92.71,3.32,3.97,True,High income,True,High income,False,False,True,High income,False,False
CAN,CA,CA,Canada,FALSE,Americas,Northern America,,Americas,Northern-America,,Developed,16922531,158297944,6347838,36,181568349,9.32,87.18,3.5,True,High income,True,High income,False,False,True,High income,False,False
GBR,GB,GB,United Kingdom,FALSE,Europe,Northern Europe,,Europe,Northern-Europe,,Developed,139591735,3591300,38303412,24,181486471,76.92,1.98,21.11,True,High income,True,High income,False,False,True,High income,False,False
SWE,SE,SE,Sweden,TRUE,Europe,Northern Europe,,Europe,Northern-Europe,,Developed,154372488,1611576,3558256,262,159542582,96.76,1.01,2.23,True,High income,True,High income,False,False,True,High income,False,False
AUS,AU,AU,Australia,FALSE,Oceania,Australia and New Zealand,,Oceania,Australia-and-New-Zealand,,Developed,82014653,98947,59799864,23,141913487,57.79,0.07,42.14,True,High income,True,High income,False,False,True,High income,False,False
NLD,NL,NL,Netherlands,TRUE,Europe,Western Europe,,Europe,Western-Europe,,Developed,121744903,3460045,2840290,11,128045249,95.08,2.7,2.22,True,High income,True,High income,False,False,True,High income,False,False
ESP,ES,ES,Spain,TRUE,Europe,Southern Europe,,Europe,Southern-Europe,,Developed,38190368,7730561,30886630,26,76807585,49.72,10.06,40.21,True,High income,True,High income,False,False,True,High income,False,False
DEU,DE,DE,Germany,TRUE,Europe,Western Europe,,Europe,Western-Europe,,Developed,45346638,9893323,8898180,271,64138412,70.7,15.42,13.87,True,High income,True,High income,False,False,True,High income,False,False
DNK,DK,DK,Denmark,TRUE,Europe,Northern Europe,,Europe,Northern-Europe,,Developed,58690288,1040861,1587933,62,61319144,95.71,1.7,2.59,True,High income,True,High income,False,False,True,High income,False,False
NOR,NO,NO,Norway,FALSE,Europe,Northern Europe,,Europe,Northern-Europe,,Developed,51457822,1516810,1886114,22685,54883431,93.76,2.76,3.44,True,High income,True,High income,False,False,True,High income,False,False
IND,IN,IN,India,FALSE,Asia,Southern Asia,,Asia,Southern-Asia,,Developing,703498,30776,51417069,16,52151359,1.35,0.06,98.59,True,Lower middle income,True,Lower middle income,False,False,True,Lower middle income,False,False
FIN,FI,FI,Finland,TRUE,Europe,Northern Europe,,Europe,Northern-Europe,,Developed,44254721,1167322,2592718,1017,48015778,92.17,2.43,5.4,True,High income,True,High income,False,False,True,High income,False,False
,,,,,,,,,,,,0,0,43430600,3879,43434479,0.0,0.0,99.99,,,,,,,,,,
ZAF,ZA,ZA,South Africa,FALSE,Africa,Sub-Saharan Africa,Southern Africa,Africa,Sub-Saharan-Africa,Southern-Africa,Developing,31453348,5032,11358241,3,42816624,73.46,0.01,26.53,True,Upper middle income,True,Upper middle income,False,False,True,Upper middle income,False,False
BEL,BE,BE,Belgium,TRUE,Europe,Western Europe,,Europe,Western-Europe,,Developed,39711192,924989,1314007,3,41950191,94.66,2.2,3.13,True,High income,True,High income,False,False,True,High income,False,False
BRA,BR,BR,Brazil,FALSE,Americas,Latin America and the Caribbean,South America,Americas,Latin-America-and-the-Caribbean,South-America,Developing,13732949,20411449,2247118,35,36391551,37.74,56.09,6.17,True,Upper middle income,True,Upper middle income,False,False,True,Upper middle income,False,False
MEX,MX,MX,Mexico,FALSE,Americas,Latin America and the Caribbean,Central America,Americas,Latin-America-and-the-Caribbean,Central-America,Developing,7786938,26098115,1349418,3,35234474,22.1,74.07,3.83,True,Upper middle income,True,Upper middle income,False,False,True,Upper middle income,False,False
COL,CO,CO,Colombia,FALSE,Americas,Latin America and the Caribbean,South America,Americas,Latin-America-and-the-Caribbean,South-America,Developing,12432775,20530591,776325,2,33739693,36.85,60.85,2.3,True,Upper middle income,True,Upper middle income,False,False,True,Upper middle income,False,False
CRI,CR,CR,Costa Rica,FALSE,Americas,Latin America and the Caribbean,Central America,Americas,Latin-America-and-the-Caribbean,Central-America,Developing,4056994,22647398,5576052,16,32280460,12.57,70.16,17.27,True,High income,True,High income,False,False,True,High income,False,False
CHE,CH,CH,Switzerland,FALSE,Europe,Western Europe,,Europe,Western-Europe,,Developed,24777004,1925358,2131879,6223,28840464,85.91,6.68,7.39,True,High income,True,High income,False,False,True,High income,False,False
PRT,PT,PT,Portugal,TRUE,Europe,Southern Europe,,Europe,Southern-Europe,,Developed,9826235,1889759,11608655,7,23324656,42.13,8.1,49.77,True,High income,True,High income,False,False,True,High income,False,False
TWN,TW,TW,"Taiwan, Province of China",FALSE,,,,,,,,6562663,0,15440584,4,22003251,29.83,0.0,70.17,,,,,,,,,,
RUS,RU,RU,Russian Federation,FALSE,Europe,Eastern Europe,,Europe,Eastern-Europe,,Developed,6091759,1599579,8700615,5,16391958,37.16,9.76,53.08,True,High income,True,High income,False,False,True,High income,False,False
POL,PL,PL,Poland,TRUE,Europe,Eastern Europe,,Europe,Eastern-Europe,,Developed,12379896,759015,2879414,104109,16122434,76.79,4.71,17.86,True,High income,True,High income,False,False,True,High income,False,False
JPN,JP,JP,Japan,FALSE,Asia,Eastern Asia,,Asia,Eastern-Asia,,Developed,11550789,147051,4064393,20,15762253,73.28,0.93,25.79,True,High income,True,High income,False,False,True,High income,False,False
NZL,NZ,NZ,New Zealand,FALSE,Oceania,Australia and New Zealand,,Oceania,Australia-and-New-Zealand,,Developed,5420695,180254,10024786,15,15625750,34.69,1.15,64.16,True,High income,True,High income,False,False,True,High income,False,False
ARG,AR,AR,Argentina,FALSE,Americas,Latin America and the Caribbean,South America,Americas,Latin-America-and-the-Caribbean,South-America,Developing,1203808,13487652,717853,44,15409357,7.81,87.53,4.66,True,Upper middle income,True,Upper middle income,False,False,True,Upper middle income,False,False
AUT,AT,AT,Austria,TRUE,Europe,Western Europe,,Europe,Western-Europe,,Developed,8941548,2119853,2351279,23,13412703,66.66,15.8,17.53,True,High income,True,High income,False,False,True,High income,False,False
ECU,EC,EC,Ecuador,FALSE,Americas,Latin America and the Caribbean,South America,Americas,Latin-America-and-the-Caribbean,South-America,Developing,455846,11100298,776400,13,12332557,3.7,90.01,6.3,True,Upper middle income,True,Upper middle income,False,False,True,Upper middle income,False,False
CHN,CN,CN,China,FALSE,Asia,Eastern Asia,,Asia,Eastern-Asia,,Developing,4263462,92062,7249845,41,11605410,36.74,0.79,62.47,True,Upper middle income,True,Upper middle income,False,False,True,Upper middle income,False,False
CHL,CL,CL,Chile,FALSE,Americas,Latin America and the Caribbean,South America,Americas,Latin-America-and-the-Caribbean,South-America,Developing,3964430,6786866,541676,319,11293291,35.1,60.1,4.8,True,High income,True,High income,False,False,True,High income,False,False
PER,PE,PE,Peru,FALSE,Americas,Latin America and the Caribbean,South America,Americas,Latin-America-and-the-Caribbean,South-America,Developing,23422,8722915,970028,17,9716382,0.24,89.78,9.98,True,Upper middle income,True,Upper middle income,False,False,True,Upper middle income,False,False
ITA,IT,IT,Italy,TRUE,Europe,Southern Europe,,Europe,Southern-Europe,,Developed,1398827,3279199,3678560,32,8356618,16.74,39.24,44.02,True,High income,True,High income,False,False,True,High income,False,False
PAN,PA,PA,Panama,FALSE,Americas,Latin America and the Caribbean,Central America,Americas,Latin-America-and-the-Caribbean,Central-America,Developing,39,8052256,284293,11,8336599,0.0,96.59,3.41,True,High income,True,High income,False,False,True,High income,False,False
EST,EE,EE,Estonia,TRUE,Europe,Northern Europe,,Europe,Northern-Europe,,Developed,7732226,284768,243497,35,8260526,93.6,3.45,2.95,True,High income,True,High income,False,False,True,High income,False,False
KOR,KR,KR,"Korea, Republic of",FALSE,Asia,Eastern Asia,,Asia,Eastern-Asia,,Developed,6411987,28812,1621013,0,8061812,79.54,0.36,20.11,True,High income,True,High income,False,False,True,High income,False,False
ISR,IL,IL,Israel,FALSE,Asia,Western Asia,,Asia,Western-Asia,,Developing,1889461,477,5420510,13,7310461,25.85,0.01,74.15,True,High income,True,High income,False,False,True,High income,False,False
BLZ,BZ,BZ,Belize,FALSE,Americas,Latin America and the Caribbean,Central America,Americas,Latin-America-and-the-Caribbean,Central-America,Developing,31524,6664995,58849,0,6755368,0.47,98.66,0.87,True,Upper middle income,True,Upper middle income,False,True,True,Upper middle income,False,True
THA,TH,TH,Thailand,FALSE,Asia,South-eastern Asia,,Asia,South-eastern-Asia,,Developing,45876,161505,6426429,13,6633823,0.69,2.43,96.87,True,Upper middle income,True,Upper middle income,False,False,True,Upper middle income,False,False
IRL,IE,IE,Ireland,TRUE,Europe,Northern Europe,,Europe,Northern-Europe,,Developed,2313452,1190358,1674431,1,5178242,44.68,22.99,32.34,True,High income,True,High income,False,False,True,High income,False,False
GTM,GT,GT,Guatemala,FALSE,Americas,Latin America and the Caribbean,Central America,Americas,Latin-America-and-the-Caribbean,Central-America,Developing,55832,4727958,114232,1,4898023,1.14,96.53,2.33,True,Upper middle income,True,Upper middle income,False,False,True,Upper middle income,False,False
VEN,VE,VE,"Venezuela, Bolivarian Republic of",FALSE,Americas,Latin America and the Caribbean,South America,Americas,Latin-America-and-the-Caribbean,South-America,Developing,275171,4265764,234033,2,4774970,5.76,89.34,4.9,True,Lower middle income,True,Lower middle income,False,False,True,Lower middle income,False,False
KEN,KE,KE,Kenya,FALSE,Africa,Sub-Saharan Africa,Eastern Africa,Africa,Sub-Saharan-Africa,Eastern-Africa,Developing,382897,761794,3537641,0,4682332,8.18,16.27,75.55,True,Lower middle income,True,Lower middle income,False,False,True,Lower middle income,False,False
CZE,CZ,CZ,Czech Republic,TRUE,Europe,Eastern Europe,,Europe,Eastern-Europe,,Developed,162422,942594,3463711,1480,4570207,3.55,20.62,75.79,True,High income,True,High income,False,False,True,High income,False,False
IDN,ID,ID,Indonesia,FALSE,Asia,South-eastern Asia,,Asia,South-eastern-Asia,,Developing,85374,118134,4320096,16,4523620,1.89,2.61,95.5,True,Upper middle income,True,Upper middle income,False,False,True,Upper middle income,False,False
PRI,PR,PR,Puerto Rico,FALSE,Americas,Latin America and the Caribbean,Caribbean,Americas,Latin-America-and-the-Caribbean,Caribbean,Developing,6269,4092775,117895,0,4216939,0.15,97.06,2.8,,,,,,,,,,
MYS,MY,MY,Malaysia,FALSE,Asia,South-eastern Asia,,Asia,South-eastern-Asia,,Developing,4474,104763,3936161,20,4045418,0.11,2.59,97.3,True,Upper middle income,True,Upper middle income,False,False,True,Upper middle income,False,False
TUR,TR,TR,Turkey,FALSE,Asia,Western Asia,,Asia,Western-Asia,,Developing,0,5107,3814586,164,3819857,0.0,0.13,99.86,True,Upper middle income,True,Upper middle income,False,False,True,Upper middle income,False,False
UKR,UA,UA,Ukraine,FALSE,Europe,Eastern Europe,,Europe,Eastern-Europe,,Developed,1525400,445830,1641457,214,3612901,42.22,12.34,45.43,True,Upper middle income,True,Upper middle income,False,False,True,Upper middle income,False,False
HND,HN,HN,Honduras,FALSE,Americas,Latin America and the Caribbean,Central America,Americas,Latin-America-and-the-Caribbean,Central-America,Developing,0,3493952,98177,0,3592129,0.0,97.27,2.73,True,Lower middle income,True,Lower middle income,False,False,True,Lower middle income,False,False
GRC,GR,GR,Greece,TRUE,Europe,Southern Europe,,Europe,Southern-Europe,,Developed,32063,1445303,2006703,112,3484181,0.92,41.48,57.59,True,High income,True,High income,False,False,True,High income,False,False
LUX,LU,LU,Luxembourg,TRUE,Europe,Western Europe,,Europe,Western-Europe,,Developed,2961179,158960,255641,0,3375780,87.72,4.71,7.57,True,High income,True,High income,False,False,True,High income,False,False
ATA,AQ,AQ,Antarctica,FALSE,,,,,,,,49339,0,3250644,0,3299983,1.5,0.0,98.5,,,,,,,,,,
MDG,MG,MG,Madagascar,FALSE,Africa,Sub-Saharan Africa,Eastern Africa,Africa,Sub-Saharan-Africa,Eastern-Africa,Developing,71278,14263,3008304,4309,3098154,2.3,0.46,97.1,True,Low income,True,Low income,True,False,True,Low income,True,False
TZA,TZ,TZ,"Tanzania, United Republic of",FALSE,Africa,Sub-Saharan Africa,Eastern Africa,Africa,Sub-Saharan-Africa,Eastern-Africa,Developing,94256,36744,2929461,0,3060461,3.08,1.2,95.72,True,Lower middle income,True,Lower middle income,True,False,True,Lower middle income,True,False
PHL,PH,PH,Philippines,FALSE,Asia,South-eastern Asia,,Asia,South-eastern-Asia,,Developing,20066,77942,2949799,0,3047807,0.66,2.56,96.78,True,Lower middle income,True,Lower middle income,False,False,True,Lower middle income,False,False
BOL,BO,BO,"Bolivia, Plurinational State of",FALSE,Americas,Latin America and the Caribbean,South America,Americas,Latin-America-and-the-Caribbean,South-America,Developing,4292,2307315,325310,15,2636932,0.16,87.5,12.34,True,Lower middle income,True,Lower middle income,False,False,True,Lower middle income,False,False
UGA,UG,UG,Uganda,FALSE,Africa,Sub-Saharan Africa,Eastern Africa,Africa,Sub-Saharan-Africa,Eastern-Africa,Developing,158925,33208,2221311,1,2413445,6.58,1.38,92.04,True,Low income,True,Low income,True,False,True,Low income,True,False
LKA,LK,LK,Sri Lanka,FALSE,Asia,Southern Asia,,Asia,Southern-Asia,,Developing,14958,4918,2362506,1,2382383,0.63,0.21,99.17,True,Lower middle income,True,Lower middle income,False,False,True,Lower middle income,False,False
PNG,PG,PG,Papua New Guinea,FALSE,Oceania,Melanesia,,Oceania,Melanesia,,Developing,178621,487711,1665825,3,2332160,7.66,20.91,71.43,True,Lower middle income,True,Lower middle income,False,True,True,Lower middle income,False,True
ISL,IS,IS,Iceland,FALSE,Europe,Northern Europe,,Europe,Northern-Europe,,Developed,480171,420904,1364977,0,2266052,21.19,18.57,60.24,True,High income,True,High income,False,False,True,High income,False,False
CUB,CU,CU,Cuba,FALSE,Americas,Latin America and the Caribbean,Caribbean,Americas,Latin-America-and-the-Caribbean,Caribbean,Developing,58360,1888178,228763,0,2175301,2.68,86.8,10.52,True,Upper middle income,True,Upper middle income,False,True,True,Upper middle income,False,True
NIC,NI,NI,Nicaragua,FALSE,Americas,Latin America and the Caribbean,Central America,Americas,Latin-America-and-the-Caribbean,Central-America,Developing,115380,1994123,40214,2,2149719,5.37,92.76,1.87,True,Lower middle income,True,Lower middle income,False,False,True,Lower middle income,False,False
HUN,HU,HU,Hungary,TRUE,Europe,Eastern Europe,,Europe,Eastern-Europe,,Developed,405868,503958,1161556,48,2071430,19.59,24.33,56.08,True,High income,True,High income,False,False,True,High income,False,False
BGR,BG,BG,Bulgaria,TRUE,Europe,Eastern Europe,,Europe,Eastern-Europe,,Developed,483336,372570,1126706,26,1982638,24.38,18.79,56.83,True,High income,True,High income,False,False,True,High income,False,False
ARE,AE,AE,United Arab Emirates,FALSE,Asia,Western Asia,,Asia,Western-Asia,,Developing,0,102,1981474,0,1981576,0.0,0.01,99.99,True,High income,True,High income,False,False,True,High income,False,False
SVK,SK,SK,Slovakia,TRUE,Europe,Eastern Europe,,Europe,Eastern-Europe,,Developed,1037112,253797,606769,72,1897750,54.65,13.37,31.97,True,High income,True,High income,False,False,True,High income,False,False
HKG,HK,HK,Hong Kong,FALSE,Asia,Eastern Asia,,Asia,Eastern-Asia,,Developing,1045,903,1857959,0,1859907,0.06,0.05,99.9,,,,,,,,,,
,,,,,,,,,,,,7557,0,1786267,21,1793845,0.42,0.0,99.58,,,,,,,,,,
URY,UY,UY,Uruguay,FALSE,Americas,Latin America and the Caribbean,South America,Americas,Latin-America-and-the-Caribbean,South-America,Developing,17431,1694934,57585,1,1769951,0.98,95.76,3.25,True,High income,True,High income,False,False,True,High income,False,False
MAR,MA,MA,Morocco,FALSE,Africa,Northern Africa,,Africa,Northern-Africa,,Developing,3712,237,1730966,0,1734915,0.21,0.01,99.77,True,Lower middle income,True,Lower middle income,False,False,True,Lower middle income,False,False
SGP,SG,SG,Singapore,FALSE,Asia,South-eastern Asia,,Asia,South-eastern-Asia,,Developing,479,4631,1722303,2,1727415,0.03,0.27,99.7,True,High income,True,High income,False,True,True,High income,False,True
ALA,AX,AX,Aland Islands,FALSE,Europe,Northern Europe,,Europe,Northern-Europe,,Developed,0,1676553,34479,20,1711052,0.0,97.98,2.02,,,,,,,,,,
NAM,NA,,Namibia,FALSE,Africa,Sub-Saharan Africa,Southern Africa,Africa,Sub-Saharan-Africa,Southern-Africa,Developing,9732,307360,1345768,0,1662860,0.59,18.48,80.93,True,Lower middle income,True,Lower middle income,False,False,True,Lower middle income,False,False
IMN,IM,IM,Isle of Man,FALSE,Europe,Northern Europe,,Europe,Northern-Europe,,Developed,1046501,253526,356652,0,1656679,63.17,15.3,21.53,,,,,,,,,,
PRY,PY,PY,Paraguay,FALSE,Americas,Latin America and the Caribbean,South America,Americas,Latin-America-and-the-Caribbean,South-America,Developing,0,1476633,172693,2,1649328,0.0,89.53,10.47,True,Upper middle income,True,Upper middle income,False,False,True,Upper middle income,False,False
NPL,NP,NP,Nepal,FALSE,Asia,Southern Asia,,Asia,Southern-Asia,,Developing,41327,39269,1410137,142,1490875,2.77,2.63,94.58,True,Lower middle income,True,Lower middle income,True,False,True,Lower middle income,True,False
COD,CD,CD,"Congo, the Democratic Republic of the",FALSE,Africa,Sub-Saharan Africa,Middle Africa,Africa,Sub-Saharan-Africa,Middle-Africa,Developing,27227,15509,1341049,0,1383785,1.97,1.12,96.91,True,Low income,True,Low income,True,False,True,Low income,True,False
SJM,SJ,SJ,Svalbard and Jan Mayen,FALSE,Europe,Northern Europe,,Europe,Northern-Europe,,Developed,4696,1214411,95175,27977,1342259,0.35,90.48,7.09,,,,,,,,,,
SLV,SV,SV,El Salvador,FALSE,Americas,Latin America and the Caribbean,Central America,Americas,Latin-America-and-the-Caribbean,Central-America,Developing,0,1206745,102338,0,1309083,0.0,92.18,7.82,True,Upper middle income,True,Upper middle income,False,False,True,Upper middle income,False,False
GEO,GE,GE,Georgia,FALSE,Asia,Western Asia,,Asia,Western-Asia,,Developing,17200,308,1264822,5,1282335,1.34,0.02,98.63,True,Upper middle income,True,Upper middle income,False,False,True,Upper middle income,False,False
LTU,LT,LT,Lithuania,TRUE,Europe,Northern Europe,,Europe,Northern-Europe,,Developed,8078,714156,552833,12,1275079,0.63,56.01,43.36,True,High income,True,High income,False,False,True,High income,False,False
ROU,RO,RO,Romania,TRUE,Europe,Eastern Europe,,Europe,Eastern-Europe,,Developed,0,726037,525603,31,1251671,0.0,58.01,41.99,True,High income,True,High income,False,False,True,High income,False,False
TTO,TT,TT,Trinidad and Tobago,FALSE,Americas,Latin America and the Caribbean,Caribbean,Americas,Latin-America-and-the-Caribbean,Caribbean,Developing,54500,1129422,56495,0,1240417,4.39,91.05,4.55,True,High income,True,High income,False,True,True,High income,False,True
HRV,HR,HR,Croatia,TRUE,Europe,Southern Europe,,Europe,Southern-Europe,,Developed,68962,471404,659141,110,1199617,5.75,39.3,54.95,True,High income,True,High income,False,False,True,High income,False,False
NGA,NG,NG,Nigeria,FALSE,Africa,Sub-Saharan Africa,Western Africa,Africa,Sub-Saharan-Africa,Western-Africa,Developing,654215,8224,508813,2,1171254,55.86,0.7,43.44,True,Lower middle income,True,Lower middle income,False,False,True,Lower middle income,False,False
ETH,ET,ET,Ethiopia,FALSE,Africa,Sub-Saharan Africa,Eastern Africa,Africa,Sub-Saharan-Africa,Eastern-Africa,Developing,1771,5672,1155053,0,1162496,0.15,0.49,99.36,True,Low income,True,Low income,True,False,True,Low income,True,False
BHS,BS,BS,Bahamas,FALSE,Americas,Latin America and the Caribbean,Caribbean,Americas,Latin-America-and-the-Caribbean,Caribbean,Developing,0,1071654,72463,0,1144117,0.0,93.67,6.33,True,High income,True,High income,False,True,True,High income,False,True
BEN,BJ,BJ,Benin,FALSE,Africa,Sub-Saharan Africa,Western Africa,Africa,Sub-Saharan-Africa,Western-Africa,Developing,894741,26699,222312,0,1143752,78.23,2.33,19.44,True,Lower middle income,True,Lower middle income,True,False,True,Lower middle income,True,False
IRN,IR,IR,"Iran, Islamic Republic of",FALSE,Asia,Southern Asia,,Asia,Southern-Asia,,Developing,4252,1771,1115837,510,1122370,0.38,0.16,99.42,True,Upper middle income,True,Upper middle income,False,False,True,Upper middle income,False,False
VNM,VN,VN,Viet Nam,FALSE,Asia,South-eastern Asia,,Asia,South-eastern-Asia,,Developing,13049,42296,1008859,2,1064206,1.23,3.97,94.8,True,Lower middle income,True,Lower middle income,False,False,True,Lower middle income,False,False
GHA,GH,GH,Ghana,FALSE,Africa,Sub-Saharan Africa,Western Africa,Africa,Sub-Saharan-Africa,Western-Africa,Developing,136418,12279,909343,0,1058040,12.89,1.16,85.95,True,Lower middle income,True,Lower middle income,False,False,True,Lower middle income,False,False
GUF,GF,GF,French Guiana,FALSE,Americas,Latin America and the Caribbean,South America,Americas,Latin-America-and-the-Caribbean,South-America,Developing,9098,456678,588669,2,1054447,0.86,43.31,55.83,,,,,,,,,,
NCL,NC,NC,New Caledonia,FALSE,Oceania,Melanesia,,Oceania,Melanesia,,Developing,22537,65962,965692,3,1054194,2.14,6.26,91.6,,,,,,,,,,
GUY,GY,GY,Guyana,FALSE,Americas,Latin America and the Caribbean,South America,Americas,Latin-America-and-the-Caribbean,South-America,Developing,6787,825685,176992,0,1009464,0.67,81.79,17.53,True,High income,True,High income,False,True,True,High income,False,True
ZWE,ZW,ZW,Zimbabwe,FALSE,Africa,Sub-Saharan Africa,Eastern Africa,Africa,Sub-Saharan-Africa,Eastern-Africa,Developing,56658,166013,785465,0,1008136,5.62,16.47,77.91,True,Lower middle income,True,Lower middle income,False,False,True,Lower middle income,False,False
CMR,CM,CM,Cameroon,FALSE,Africa,Sub-Saharan Africa,Middle Africa,Africa,Sub-Saharan-Africa,Middle-Africa,Developing,77912,82178,844687,40,1004817,7.75,8.18,84.06,True,Lower middle income,True,Lower middle income,False,False,True,Lower middle income,False,False
KHM,KH,KH,Cambodia,FALSE,Asia,South-eastern Asia,,Asia,South-eastern-Asia,,Developing,26844,7552,955528,0,989924,2.71,0.76,96.53,True,Lower middle income,True,Lower middle income,True,False,True,Lower middle income,True,False
DOM,DO,DO,Dominican Republic,FALSE,Americas,Latin America and the Caribbean,Caribbean,Americas,Latin-America-and-the-Caribbean,Caribbean,Developing,15250,892274,62776,0,970300,1.57,91.96,6.47,True,Upper middle income,True,Upper middle income,False,True,True,Upper middle income,False,True
JAM,JM,JM,Jamaica,FALSE,Americas,Latin America and the Caribbean,Caribbean,Americas,Latin-America-and-the-Caribbean,Caribbean,Developing,13207,871367,81768,6,966348,1.37,90.17,8.46,True,Upper middle income,True,Upper middle income,False,True,True,Upper middle income,False,True
SVN,SI,SI,Slovenia,TRUE,Europe,Southern Europe,,Europe,Southern-Europe,,Developed,353047,207118,400539,6,960710,36.75,21.56,41.69,True,High income,True,High income,False,False,True,High income,False,False
ZMB,ZM,ZM,Zambia,FALSE,Africa,Sub-Saharan Africa,Eastern Africa,Africa,Sub-Saharan-Africa,Eastern-Africa,Developing,3024,43709,901628,0,948361,0.32,4.61,95.07,True,Lower middle income,True,Lower middle income,True,False,True,Lower middle income,True,False
SAU,SA,SA,Saudi Arabia,FALSE,Asia,Western Asia,,Asia,Western-Asia,,Developing,0,737,943787,0,944524,0.0,0.08,99.92,True,High income,True,High income,False,False,True,High income,False,False
BWA,BW,BW,Botswana,FALSE,Africa,Sub-Saharan Africa,Southern Africa,Africa,Sub-Saharan-Africa,Southern-Africa,Developing,20031,114928,788504,0,923463,2.17,12.45,85.39,True,Upper middle income,True,Upper middle income,False,False,True,Upper middle income,False,False
SRB,RS,RS,Serbia,FALSE,Europe,Southern Europe,,Europe,Southern-Europe,,Developed,2153,113052,780908,0,896113,0.24,12.62,87.14,True,Upper middle income,True,Upper middle income,False,False,True,Upper middle income,False,False
VIR,VI,VI,"Virgin Islands, U.S.",FALSE,Americas,Latin America and the Caribbean,Caribbean,Americas,Latin-America-and-the-Caribbean,Caribbean,Developing,0,835353,15033,0,850386,0.0,98.23,1.77,,,,,,,,,,
REU,RE,RE,Reunion,FALSE,Africa,Sub-Saharan Africa,Eastern Africa,Africa,Sub-Saharan-Africa,Eastern-Africa,Developing,0,2506,847417,0,849923,0.0,0.29,99.71,,,,,,,,,,
GAB,GA,GA,Gabon,FALSE,Africa,Sub-Saharan Africa,Middle Africa,Africa,Sub-Saharan-Africa,Middle-Africa,Developing,79181,45255,724956,0,849392,9.32,5.33,85.35,True,Upper middle income,True,Upper middle income,False,False,True,Upper middle income,False,False
PAK,PK,PK,Pakistan,FALSE,Asia,Southern Asia,,Asia,Southern-Asia,,Developing,123397,3839,683828,1,811065,15.21,0.47,84.31,True,Lower middle income,True,Lower middle income,False,False,True,Lower middle income,False,False
SEN,SN,SN,Senegal,FALSE,Africa,Sub-Saharan Africa,Western Africa,Africa,Sub-Saharan-Africa,Western-Africa,Developing,29208,5146,741134,1,775489,3.77,0.66,95.57,True,Lower middle income,True,Lower middle income,False,False,True,Lower middle income,False,False
MOZ,MZ,MZ,Mozambique,FALSE,Africa,Sub-Saharan Africa,Eastern Africa,Africa,Sub-Saharan-Africa,Eastern-Africa,Developing,184691,58580,531828,0,775099,23.83,7.56,68.61,True,Low income,True,Low income,True,False,True,Low income,True,False
GLP,GP,GP,Guadeloupe,FALSE,Americas,Latin America and the Caribbean,Caribbean,Americas,Latin-America-and-the-Caribbean,Caribbean,Developing,0,384792,387215,0,772007,0.0,49.84,50.16,,,,,,,,,,
AFG,AF,AF,Afghanistan,FALSE,Asia,Southern Asia,,Asia,Southern-Asia,,Developing,0,2005,743981,0,745986,0.0,0.27,99.73,True,Low income,True,Low income,True,False,True,Low income,True,False
MNG,MN,MN,Mongolia,FALSE,Asia,Eastern Asia,,Asia,Eastern-Asia,,Developing,1309,112288,618799,2,732398,0.18,15.33,84.49,True,Upper middle income,True,Upper middle income,False,False,True,Upper middle income,False,False
GMB,GM,GM,Gambia,FALSE,Africa,Sub-Saharan Africa,Western Africa,Africa,Sub-Saharan-Africa,Western-Africa,Developing,0,508,726439,0,726947,0.0,0.07,99.93,True,Low income,True,Low income,True,False,True,Low income,True,False
GRL,GL,GL,Greenland,FALSE,Americas,Northern America,,Americas,Northern-America,,Developed,9678,139490,572542,155,721865,1.34,19.32,79.31,,,,,,,,,,
EGY,EG,EG,Egypt,FALSE,Africa,Northern Africa,,Africa,Northern-Africa,,Developing,0,624,707881,2,708507,0.0,0.09,99.91,True,Lower middle income,True,Lower middle income,False,False,True,Lower middle income,False,False
BGD,BD,BD,Bangladesh,FALSE,Asia,Southern Asia,,Asia,Southern-Asia,,Developing,133,326,703214,0,703673,0.02,0.05,99.93,True,Lower middle income,True,Lower middle income,True,False,True,Lower middle income,True,False
BMU,BM,BM,Bermuda,FALSE,Americas,Northern America,,Americas,Northern-America,,Developed,0,588999,98677,0,687676,0.0,85.65,14.35,,,,,,,,,,
LVA,LV,LV,Latvia,TRUE,Europe,Northern Europe,,Europe,Northern-Europe,,Developed,100531,364906,195508,21,660966,15.21,55.21,29.58,True,High income,True,High income,False,False,True,High income,False,False
SUR,SR,SR,Suriname,FALSE,Americas,Latin America and the Caribbean,South America,Americas,Latin-America-and-the-Caribbean,South-America,Developing,30407,327382,298041,0,655830,4.64,49.92,45.44,True,Upper middle income,True,Upper middle income,False,True,True,Upper middle income,False,True
PYF,PF,PF,French Polynesia,FALSE,Oceania,Polynesia,,Oceania,Polynesia,,Developing,0,36279,590773,2,627054,0.0,5.79,94.21,,,,,,,,,,
CIV,CI,CI,Cote d'Ivoire,FALSE,Africa,Sub-Saharan Africa,Western Africa,Africa,Sub-Saharan-Africa,Western-Africa,Developing,66994,21921,521183,0,610098,10.98,3.59,85.43,True,Lower middle income,True,Lower middle income,False,False,True,Lower middle income,False,False
BTN,BT,BT,Bhutan,FALSE,Asia,Southern Asia,,Asia,Southern-Asia,,Developing,8353,7299,585528,0,601180,1.39,1.21,97.4,True,Lower middle income,True,Lower middle income,False,False,True,Lower middle income,False,False
PSE,PS,PS,"Palestine, State of",FALSE,Asia,Western Asia,,Asia,Western-Asia,,Developing,0,265837,331171,3,597011,0.0,44.53,55.47,True,Lower middle income,True,Lower middle income,False,False,True,Lower middle income,False,False
CYP,CY,CY,Cyprus,TRUE,Asia,Western Asia,,Asia,Western-Asia,,Developing,0,742,589621,3,590366,0.0,0.13,99.87,True,High income,True,High income,False,False,True,High income,False,False
KAZ,KZ,KZ,Kazakhstan,FALSE,Asia,Central Asia,,Asia,Central-Asia,,Developing,24356,44958,501501,1,570816,4.27,7.88,87.86,True,Upper middle income,True,Upper middle income,False,False,True,Upper middle income,False,False
BLR,BY,BY,Belarus,FALSE,Europe,Eastern Europe,,Europe,Eastern-Europe,,Developed,2419,122903,444603,0,569925,0.42,21.56,78.01,True,Upper middle income,True,Upper middle income,False,False,True,Upper middle income,False,False
OMN,OM,OM,Oman,FALSE,Asia,Western Asia,,Asia,Western-Asia,,Developing,0,1296,559048,0,560344,0.0,0.23,99.77,True,High income,True,High income,False,False,True,High income,False,False
DZA,DZ,DZ,Algeria,FALSE,Africa,Northern Africa,,Africa,Northern-Africa,,Developing,0,229,461424,4,461657,0.0,0.05,99.95,True,Upper middle income,True,Upper middle income,False,False,True,Upper middle income,False,False
MMR,MM,MM,Myanmar,FALSE,Asia,South-eastern Asia,,Asia,South-eastern-Asia,,Developing,0,5023,445811,0,450834,0.0,1.11,98.89,True,Lower middle income,True,Lower middle income,True,False,True,Lower middle income,True,False
MWI,MW,MW,Malawi,FALSE,Africa,Sub-Saharan Africa,Eastern Africa,Africa,Sub-Saharan-Africa,Eastern-Africa,Developing,32244,48375,369376,0,449995,7.17,10.75,82.08,True,Low income,True,Low income,True,False,True,Low income,True,False
FJI,FJ,FJ,Fiji,FALSE,Oceania,Melanesia,,Oceania,Melanesia,,Developing,38077,37822,349757,6,425662,8.95,8.89,82.17,True,Upper middle income,True,Upper middle income,False,True,True,Upper middle income,False,True
ASM,AS,AS,American Samoa,FALSE,Oceania,Polynesia,,Oceania,Polynesia,,Developing,0,33955,389241,0,423196,0.0,8.02,91.98,,,,,,,,,,
RWA,RW,RW,Rwanda,FALSE,Africa,Sub-Saharan Africa,Eastern Africa,Africa,Sub-Saharan-Africa,Eastern-Africa,Developing,620,4123,415259,0,420002,0.15,0.98,98.87,True,Low income,True,Low income,True,False,True,Low income,True,False
SGS,GS,GS,South Georgia and the South Sandwich Islands,FALSE,Americas,Latin America and the Caribbean,South America,Americas,Latin-America-and-the-Caribbean,South-America,Developing,0,101907,292662,0,394569,0.0,25.83,74.17,,,,,,,,,,
CUW,CW,CW,Curacao,FALSE,Americas,Latin America and the Caribbean,Caribbean,Americas,Latin-America-and-the-Caribbean,Caribbean,Developing,0,295568,90041,0,385609,0.0,76.65,23.35,,,,,,,,,,
AGO,AO,AO,Angola,FALSE,Africa,Sub-Saharan Africa,Middle Africa,Africa,Sub-Saharan-Africa,Middle-Africa,Developing,43530,14791,325938,0,384259,11.33,3.85,84.82,True,Lower middle income,True,Lower middle income,True,False,True,Lower middle income,True,False
SYR,SY,SY,Syrian Arab Republic,FALSE,Asia,Western Asia,,Asia,Western-Asia,,Developing,0,237922,138239,1,376162,0.0,63.25,36.75,True,Low income,True,Low income,False,False,True,Low income,False,False
UMI,UM,UM,United States Minor Outlying Islands,FALSE,Oceania,Micronesia,,Oceania,Micronesia,,Developing,0,26961,343543,0,370504,0.0,7.28,92.72,,,,,,,,,,
CYM,KY,KY,Cayman Islands,FALSE,Americas,Latin America and the Caribbean,Caribbean,Americas,Latin-America-and-the-Caribbean,Caribbean,Developing,0,362986,5956,0,368942,0.0,98.39,1.61,,,,,,,,,,
LAO,LA,LA,Lao People's Democratic Republic,FALSE,Asia,South-eastern Asia,,Asia,South-eastern-Asia,,Developing,0,6870,320462,0,327332,0.0,2.1,97.9,True,Lower middle income,True,Lower middle income,True,False,True,Lower middle income,True,False
BES,BQ,BQ,"Bonaire, Sint Eustatius and Saba",FALSE,Americas,Latin America and the Caribbean,Caribbean,Americas,Latin-America-and-the-Caribbean,Caribbean,Developing,0,234763,89534,0,324297,0.0,72.39,27.61,,,,,,,,,,
KWT,KW,KW,Kuwait,FALSE,Asia,Western Asia,,Asia,Western-Asia,,Developing,0,40,320065,0,320105,0.0,0.01,99.99,True,High income,True,High income,False,False,True,High income,False,False
FRO,FO,FO,Faroe Islands,FALSE,Europe,Northern Europe,,Europe,Northern-Europe,,Developed,456,219391,98669,0,318516,0.14,68.88,30.98,,,,,,,,,,
AZE,AZ,AZ,Azerbaijan,FALSE,Asia,Western Asia,,Asia,Western-Asia,,Developing,16704,2082,289001,1,307788,5.43,0.68,93.9,True,Upper middle income,True,Upper middle income,False,False,True,Upper middle income,False,False
GGY,GG,GG,Guernsey,FALSE,Europe,Northern Europe,Channel Islands,Europe,Northern-Europe,Channel-Islands,Developed,0,284227,23112,0,307339,0.0,92.48,7.52,,,,,,,,,,
SLB,SB,SB,Solomon Islands,FALSE,Oceania,Melanesia,,Oceania,Melanesia,,Developing,2827,65732,228433,0,296992,0.95,22.13,76.92,True,Lower middle income,True,Lower middle income,True,True,True,Lower middle income,True,True
SYC,SC,SC,Seychelles,FALSE,Africa,Sub-Saharan Africa,Eastern Africa,Africa,Sub-Saharan-Africa,Eastern-Africa,Developing,79052,6298,209580,4,294934,26.8,2.14,71.06,True,High income,True,High income,False,True,True,High income,False,True
HTI,HT,HT,Haiti,FALSE,Americas,Latin America and the Caribbean,Caribbean,Americas,Latin-America-and-the-Caribbean,Caribbean,Developing,0,263274,24868,0,288142,0.0,91.37,8.63,True,Lower middle income,True,Lower middle income,True,True,True,Lower middle income,True,True
ABW,AW,AW,Aruba,FALSE,Americas,Latin America and the Caribbean,Caribbean,Americas,Latin-America-and-the-Caribbean,Caribbean,Developing,0,269257,16468,0,285725,0.0,94.24,5.76,,,,,,,,,,
GIN,GN,GN,Guinea,FALSE,Africa,Sub-Saharan Africa,Western Africa,Africa,Sub-Saharan-Africa,Western-Africa,Developing,45335,7530,230271,4,283140,16.01,2.66,81.33,True,Lower middle income,True,Lower middle income,True,False,True,Lower middle income,True,False
BFA,BF,BF,Burkina Faso,FALSE,Africa,Sub-Saharan Africa,Western Africa,Africa,Sub-Saharan-Africa,Western-Africa,Developing,6979,43521,222462,0,272962,2.56,15.94,81.5,True,Low income,True,Low income,True,False,True,Low income,True,False
TUN,TN,TN,Tunisia,FALSE,Africa,Northern Africa,,Africa,Northern-Africa,,Developing,0,228,272572,0,272800,0.0,0.08,99.92,True,Lower middle income,True,Lower middle income,False,False,True,Lower middle income,False,False
SWZ,SZ,SZ,Swaziland,FALSE,Africa,Sub-Saharan Africa,Southern Africa,Africa,Sub-Saharan-Africa,Southern-Africa,Developing,0,172607,100080,0,272687,0.0,63.3,36.7,True,Lower middle income,True,Lower middle income,False,False,True,Lower middle income,False,False
MNP,MP,MP,Northern Mariana Islands,FALSE,Oceania,Micronesia,,Oceania,Micronesia,,Developing,0,443,266646,0,267089,0.0,0.17,99.83,,,,,,,,,,
ARM,AM,AM,Armenia,FALSE,Asia,Western Asia,,Asia,Western-Asia,,Developing,23888,2088,236158,0,262134,9.11,0.8,90.09,True,Upper middle income,True,Upper middle income,False,False,True,Upper middle income,False,False
FLK,FK,FK,Falkland Islands (Malvinas),FALSE,Americas,Latin America and the Caribbean,South America,Americas,Latin-America-and-the-Caribbean,South-America,Developing,0,205395,54356,0,259751,0.0,79.07,20.93,,,,,,,,,,
ATF,TF,TF,French Southern Territories,FALSE,Africa,Sub-Saharan Africa,Eastern Africa,Africa,Sub-Saharan-Africa,Eastern-Africa,Developing,0,401,255639,0,256040,0.0,0.16,99.84,,,,,,,,,,
JEY,JE,JE,Jersey,FALSE,Europe,Northern Europe,Channel Islands,Europe,Northern-Europe,Channel-Islands,Developed,0,182956,67682,0,250638,0.0,73.0,27.0,,,,,,,,,,
MTQ,MQ,MQ,Martinique,FALSE,Americas,Latin America and the Caribbean,Caribbean,Americas,Latin-America-and-the-Caribbean,Caribbean,Developing,0,77542,165289,0,242831,0.0,31.93,68.07,,,,,,,,,,
KGZ,KG,KG,Kyrgyzstan,FALSE,Asia,Central Asia,,Asia,Central-Asia,,Developing,0,4911,234869,0,239780,0.0,2.05,97.95,True,Lower middle income,True,Lower middle income,False,False,True,Lower middle income,False,False
FSM,FM,FM,"Micronesia, Federated States of",FALSE,Oceania,Micronesia,,Oceania,Micronesia,,Developing,14,10997,225953,2,236966,0.01,4.64,95.35,True,Lower middle income,True,Lower middle income,False,True,True,Lower middle income,False,True
PLW,PW,PW,Palau,FALSE,Oceania,Micronesia,,Oceania,Micronesia,,Developing,16,17883,218374,0,236273,0.01,7.57,92.42,True,High income,True,High income,False,True,True,High income,False,True
AIA,AI,AI,Anguilla,FALSE,Americas,Latin America and the Caribbean,Caribbean,Americas,Latin-America-and-the-Caribbean,Caribbean,Developing,0,232345,2552,0,234897,0.0,98.91,1.09,,,,,,,,,,
LBR,LR,LR,Liberia,FALSE,Africa,Sub-Saharan Africa,Western Africa,Africa,Sub-Saharan-Africa,Western-Africa,Developing,8331,8039,215243,0,231613,3.6,3.47,92.93,True,Low income,True,Low income,True,False,True,Low income,True,False
ESH,EH,EH,Western Sahara,FALSE,Africa,Northern Africa,,Africa,Northern-Africa,,Developing,0,20,220943,0,220963,0.0,0.01,99.99,,,,,,,,,,
VUT,VU,VU,Vanuatu,FALSE,Oceania,Melanesia,,Oceania,Melanesia,,Developing,18932,30397,160336,0,209665,9.03,14.5,76.47,True,Lower middle income,True,Lower middle income,False,True,True,Lower middle income,False,True
MLI,ML,ML,Mali,FALSE,Africa,Sub-Saharan Africa,Western Africa,Africa,Sub-Saharan-Africa,Western-Africa,Developing,0,1517,200866,0,202383,0.0,0.75,99.25,True,Low income,True,Low income,True,False,True,Low income,True,False
HMD,HM,HM,Heard Island and McDonald Islands,FALSE,Oceania,Australia and New Zealand,,Oceania,Australia-and-New-Zealand,,Developed,0,101161,98144,0,199305,0.0,50.76,49.24,,,,,,,,,,
LBN,LB,LB,Lebanon,FALSE,Asia,Western Asia,,Asia,Western-Asia,,Developing,4845,1560,188136,53,194594,2.49,0.8,96.68,True,Lower middle income,True,Lower middle income,False,False,True,Lower middle income,False,False
SDN,SD,SD,Sudan,FALSE,Africa,Northern Africa,,Africa,Northern-Africa,,Developing,0,448,191560,0,192008,0.0,0.23,99.77,True,Low income,True,Low income,True,False,True,Low income,True,False
MRT,MR,MR,Mauritania,FALSE,Africa,Sub-Saharan Africa,Western Africa,Africa,Sub-Saharan-Africa,Western-Africa,Developing,1812,199,189077,0,191088,0.95,0.1,98.95,True,Lower middle income,True,Lower middle income,True,False,True,Lower middle income,True,False
BRB,BB,BB,Barbados,FALSE,Americas,Latin America and the Caribbean,Caribbean,Americas,Latin-America-and-the-Caribbean,Caribbean,Developing,2997,165039,13368,0,181404,1.65,90.98,7.37,True,High income,True,High income,False,True,True,High income,False,True
CPV,CV,CV,Cabo Verde,FALSE,Africa,Sub-Saharan Africa,Western Africa,Africa,Sub-Saharan-Africa,Western-Africa,Developing,0,62,179157,0,179219,0.0,0.03,99.97,True,Upper middle income,True,Upper middle income,False,True,True,Upper middle income,False,True
GUM,GU,GU,Guam,FALSE,Oceania,Micronesia,,Oceania,Micronesia,,Developing,0,1688,177352,0,179040,0.0,0.94,99.06,,,,,,,,,,
KIR,KI,KI,Kiribati,FALSE,Oceania,Micronesia,,Oceania,Micronesia,,Developing,0,9943,168391,0,178334,0.0,5.58,94.42,True,Lower middle income,True,Lower middle income,True,True,True,Lower middle income,True,True
MHL,MH,MH,Marshall Islands,FALSE,Oceania,Micronesia,,Oceania,Micronesia,,Developing,0,17676,156863,0,174539,0.0,10.13,89.87,True,Upper middle income,True,Upper middle income,False,True,True,Upper middle income,False,True
UZB,UZ,UZ,Uzbekistan,FALSE,Asia,Central Asia,,Asia,Central-Asia,,Developing,32837,1550,139449,0,173836,18.89,0.89,80.22,True,Lower middle income,True,Lower middle income,False,False,True,Lower middle income,False,False
AND,AD,AD,Andorra,FALSE,Europe,Southern Europe,,Europe,Southern-Europe,,Developed,118566,36253,19009,3,173831,68.21,20.86,10.94,True,High income,True,High income,False,False,True,High income,False,False
JOR,JO,JO,Jordan,FALSE,Asia,Western Asia,,Asia,Western-Asia,,Developing,0,5435,165937,0,171372,0.0,3.17,96.83,True,Lower middle income,True,Lower middle income,False,False,True,Lower middle income,False,False
TON,TO,TO,Tonga,FALSE,Oceania,Polynesia,,Oceania,Polynesia,,Developing,3612,98630,64537,0,166779,2.17,59.14,38.7,True,Upper middle income,True,Upper middle income,False,True,True,Upper middle income,False,True
GRD,GD,GD,Grenada,FALSE,Americas,Latin America and the Caribbean,Caribbean,Americas,Latin-America-and-the-Caribbean,Caribbean,Developing,0,153302,10600,0,163902,0.0,93.53,6.47,True,Upper middle income,True,Upper middle income,False,True,True,Upper middle income,False,True
COG,CG,CG,Congo,FALSE,Africa,Sub-Saharan Africa,Middle Africa,Africa,Sub-Saharan-Africa,Middle-Africa,Developing,155,3872,159232,1,163260,0.09,2.37,97.53,True,Lower middle income,True,Lower middle income,False,False,True,Lower middle income,False,False
IRQ,IQ,IQ,Iraq,FALSE,Asia,Western Asia,,Asia,Western-Asia,,Developing,0,2489,157866,0,160355,0.0,1.55,98.45,True,Upper middle income,True,Upper middle income,False,False,True,Upper middle income,False,False
MUS,MU,MU,Mauritius,FALSE,Africa,Sub-Saharan Africa,Eastern Africa,Africa,Sub-Saharan-Africa,Eastern-Africa,Developing,1022,9479,147374,3,157878,0.65,6.0,93.35,True,Upper middle income,True,Upper middle income,False,True,True,Upper middle income,False,True
MNE,ME,ME,Montenegro,FALSE,Europe,Southern Europe,,Europe,Southern-Europe,,Developed,1682,68232,87556,1,157471,1.07,43.33,55.6,True,Upper middle income,True,Upper middle income,False,False,True,Upper middle income,False,False
MKD,MK,MK,"Macedonia, the former Yugoslav Republic of",FALSE,Europe,Southern Europe,,Europe,Southern-Europe,,Developed,1785,70395,80344,2,152526,1.17,46.15,52.68,True,Upper middle income,True,Upper middle income,False,False,True,Upper middle income,False,False
SLE,SL,SL,Sierra Leone,FALSE,Africa,Sub-Saharan Africa,Western Africa,Africa,Sub-Saharan-Africa,Western-Africa,Developing,0,7328,144331,0,151659,0.0,4.83,95.17,True,Low income,True,Low income,False,False,True,Low income,False,False
YEM,YE,YE,Yemen,FALSE,Asia,Western Asia,,Asia,Western-Asia,,Developing,0,157,149392,32,149581,0.0,0.1,99.87,True,Low income,True,Low income,True,False,True,Low income,True,False
QAT,QA,QA,Qatar,FALSE,Asia,Western Asia,,Asia,Western-Asia,,Developing,0,130,145251,0,145381,0.0,0.09,99.91,True,High income,True,High income,False,False,True,High income,False,False
MDA,MD,MD,"Moldova, Republic of",FALSE,Europe,Eastern Europe,,Europe,Eastern-Europe,,Developed,0,27477,116850,0,144327,0.0,19.04,80.96,True,Upper middle income,True,Upper middle income,False,False,True,Upper middle income,False,False
TGO,TG,TG,Togo,FALSE,Africa,Sub-Saharan Africa,Western Africa,Africa,Sub-Saharan-Africa,Western-Africa,Developing,53277,7362,81902,0,142541,37.38,5.16,57.46,True,Low income,True,Low income,True,False,True,Low income,True,False
ALB,AL,AL,Albania,FALSE,Europe,Southern Europe,,Europe,Southern-Europe,,Developed,1246,57542,83370,0,142158,0.88,40.48,58.65,True,Upper middle income,True,Upper middle income,False,False,True,Upper middle income,False,False
CAF,CF,CF,Central African Republic,FALSE,Africa,Sub-Saharan Africa,Middle Africa,Africa,Sub-Saharan-Africa,Middle-Africa,Developing,0,10168,130427,2,140597,0.0,7.23,92.77,True,Low income,True,Low income,True,False,True,Low income,True,False
GNQ,GQ,GQ,Equatorial Guinea,FALSE,Africa,Sub-Saharan Africa,Middle Africa,Africa,Sub-Saharan-Africa,Middle-Africa,Developing,0,2027,138458,0,140485,0.0,1.44,98.56,True,Upper middle income,True,Upper middle income,False,False,True,Upper middle income,False,False
LSO,LS,LS,Lesotho,FALSE,Africa,Sub-Saharan Africa,Southern Africa,Africa,Sub-Saharan-Africa,Southern-Africa,Developing,0,98931,41204,0,140135,0.0,70.6,29.4,True,Lower middle income,True,Lower middle income,True,False,True,Lower middle income,True,False
TJK,TJ,TJ,Tajikistan,FALSE,Asia,Central Asia,,Asia,Central-Asia,,Developing,9176,1541,122217,0,132934,6.9,1.16,91.94,True,Lower middle income,True,Lower middle income,True,False,True,Lower middle income,True,False
STP,ST,ST,Sao Tome and Principe,FALSE,Africa,Sub-Saharan Africa,Middle Africa,Africa,Sub-Saharan-Africa,Middle-Africa,Developing,3170,1599,122927,0,127696,2.48,1.25,96.27,True,Lower middle income,True,Lower middle income,True,True,True,Lower middle income,True,True
DMA,DM,DM,Dominica,FALSE,Americas,Latin America and the Caribbean,Caribbean,Americas,Latin-America-and-the-Caribbean,Caribbean,Developing,0,93336,33189,0,126525,0.0,73.77,26.23,True,Upper middle income,True,Upper middle income,False,True,True,Upper middle income,False,True
BDI,BI,BI,Burundi,FALSE,Africa,Sub-Saharan Africa,Eastern Africa,Africa,Sub-Saharan-Africa,Eastern-Africa,Developing,1148,1731,122913,0,125792,0.91,1.38,97.71,True,Low income,True,Low income,True,False,True,Low income,True,False
NER,NE,NE,Niger,FALSE,Africa,Sub-Saharan Africa,Western Africa,Africa,Sub-Saharan-Africa,Western-Africa,Developing,489,1227,112953,0,114669,0.43,1.07,98.5,True,Low income,True,Low income,True,False,True,Low income,True,False
BIH,BA,BA,Bosnia and Herzegovina,FALSE,Europe,Southern Europe,,Europe,Southern-Europe,,Developed,0,65582,48723,1,114306,0.0,57.37,42.63,True,Upper middle income,True,Upper middle income,False,False,True,Upper middle income,False,False
MDV,MV,MV,Maldives,FALSE,Asia,Southern Asia,,Asia,Southern-Asia,,Developing,0,1331,112351,0,113682,0.0,1.17,98.83,True,Upper middle income,True,Upper middle income,False,True,True,Upper middle income,False,True
LCA,LC,LC,Saint Lucia,FALSE,Americas,Latin America and the Caribbean,Caribbean,Americas,Latin-America-and-the-Caribbean,Caribbean,Developing,0,97783,4285,0,102068,0.0,95.8,4.2,True,Upper middle income,True,Upper middle income,False,False,True,Upper middle income,False,True
MLT,MT,MT,Malta,TRUE,Europe,Southern Europe,,Europe,Southern-Europe,,Developed,0,42788,58901,37,101726,0.0,42.06,57.9,True,High income,True,High income,False,False,True,High income,False,False
TLS,TL,TL,Timor-Leste,FALSE,Asia,South-eastern Asia,,Asia,South-eastern-Asia,,Developing,0,55,94687,0,94742,0.0,0.06,99.94,True,Lower middle income,True,Lower middle income,True,True,True,Lower middle income,True,True
SOM,SO,SO,Somalia,FALSE,Africa,Sub-Saharan Africa,Eastern Africa,Africa,Sub-Saharan-Africa,Eastern-Africa,Developing,939,1352,92050,0,94341,1.0,1.43,97.57,True,Low income,True,Low income,True,False,True,Low income,True,False
ATG,AG,AG,Antigua and Barbuda,FALSE,Americas,Latin America and the Caribbean,Caribbean,Americas,Latin-America-and-the-Caribbean,Caribbean,Developing,0,88358,4758,0,93116,0.0,94.89,5.11,True,High income,True,High income,False,True,True,High income,False,True
NFK,NF,NF,Norfolk Island,FALSE,Oceania,Australia and New Zealand,,Oceania,Australia-and-New-Zealand,,Developed,0,33483,59141,0,92624,0.0,36.15,63.85,,,,,,,,,,
GNB,GW,GW,Guinea-Bissau,FALSE,Africa,Sub-Saharan Africa,Western Africa,Africa,Sub-Saharan-Africa,Western-Africa,Developing,0,264,89668,0,89932,0.0,0.29,99.71,True,Low income,True,Low income,True,True,True,Low income,True,True
MYT,YT,YT,Mayotte,FALSE,Africa,Sub-Saharan Africa,Eastern Africa,Africa,Sub-Saharan-Africa,Eastern-Africa,Developing,0,473,88585,0,89058,0.0,0.53,99.47,,,,,,,,,,
LIE,LI,LI,Liechtenstein,FALSE,Europe,Western Europe,,Europe,Western-Europe,,Developed,0,80863,7333,0,88196,0.0,91.69,8.31,True,High income,True,High income,False,False,True,High income,False,False
WSM,WS,WS,Samoa,FALSE,Oceania,Polynesia,,Oceania,Polynesia,,Developing,7607,14442,64815,0,86864,8.76,16.63,74.62,True,Upper middle income,True,Upper middle income,False,True,True,Upper middle income,False,True
NIU,NU,NU,Niue,FALSE,Oceania,Polynesia,,Oceania,Polynesia,,Developing,0,7533,77107,0,84640,0.0,8.9,91.1,True,High income,True,High income,False,True,True,High income,False,True
TCD,TD,TD,Chad,FALSE,Africa,Sub-Saharan Africa,Middle Africa,Africa,Sub-Saharan-Africa,Middle-Africa,Developing,0,66,83517,0,83583,0.0,0.08,99.92,True,Low income,True,Low income,True,False,True,Low income,True,False
MAF,MF,MF,Saint Martin (French part),FALSE,Americas,Latin America and the Caribbean,Caribbean,Americas,Latin-America-and-the-Caribbean,Caribbean,Developing,0,59650,23050,0,82700,0.0,72.13,27.87,,,,,,,,,,
VGB,VG,VG,"Virgin Islands, British",FALSE,Americas,Latin America and the Caribbean,Caribbean,Americas,Latin-America-and-the-Caribbean,Caribbean,Developing,0,67831,12382,0,80213,0.0,84.56,15.44,,,,,,,,,,
PRK,KP,KP,"Korea, Democratic People's Republic of",FALSE,Asia,Eastern Asia,,Asia,Eastern-Asia,,Developing,0,48916,29832,0,78748,0.0,62.12,37.88,True,Low income,True,Low income,False,False,True,Low income,False,False
TCA,TC,TC,Turks and Caicos Islands,FALSE,Americas,Latin America and the Caribbean,Caribbean,Americas,Latin-America-and-the-Caribbean,Caribbean,Developing,0,74336,3731,0,78067,0.0,95.22,4.78,,,,,,,,,,
BRN,BN,BN,Brunei Darussalam,FALSE,Asia,South-eastern Asia,,Asia,South-eastern-Asia,,Developing,0,258,77522,1,77781,0.0,0.33,99.67,True,High income,True,High income,False,False,True,High income,False,False
VCT,VC,VC,Saint Vincent and the Grenadines,FALSE,Americas,Latin America and the Caribbean,Caribbean,Americas,Latin-America-and-the-Caribbean,Caribbean,Developing,0,70287,5808,0,76095,0.0,92.37,7.63,True,Upper middle income,True,Upper middle income,False,False,True,Upper middle income,False,True
COK,CK,CK,Cook Islands,FALSE,Oceania,Polynesia,,Oceania,Polynesia,,Developing,0,31472,43027,0,74499,0.0,42.24,57.76,True,High income,True,High income,False,True,True,High income,False,True
SPM,PM,PM,Saint Pierre and Miquelon,FALSE,Americas,Northern America,,Americas,Northern-America,,Developed,0,56726,16729,0,73455,0.0,77.23,22.77,,,,,,,,,,
LBY,LY,LY,Libya,FALSE,Africa,Northern Africa,,Africa,Northern-Africa,,Developing,0,71,70277,0,70348,0.0,0.1,99.9,True,Upper middle income,True,Upper middle income,False,False,True,Upper middle income,False,False
MAC,MO,MO,Macao,FALSE,Asia,Eastern Asia,,Asia,Eastern-Asia,,Developing,0,0,64986,0,64986,0.0,0.0,100.0,,,,,,,,,,
TKL,TK,TK,Tokelau,FALSE,Oceania,Polynesia,,Oceania,Polynesia,,Developing,0,729,62045,0,62774,0.0,1.16,98.84,,,,,,,,,,
MSR,MS,MS,Montserrat,FALSE,Americas,Latin America and the Caribbean,Caribbean,Americas,Latin-America-and-the-Caribbean,Caribbean,Developing,0,54908,2112,0,57020,0.0,96.3,3.7,,,,,,,,,,
TKM,TM,TM,Turkmenistan,FALSE,Asia,Central Asia,,Asia,Central-Asia,,Developing,0,922,53270,0,54192,0.0,1.7,98.3,True,Upper middle income,True,Upper middle income,False,False,True,Upper middle income,False,False
WLF,WF,WF,Wallis and Futuna,FALSE,Oceania,Polynesia,,Oceania,Polynesia,,Developing,128,10506,42864,0,53498,0.24,19.64,80.12,,,,,,,,,,
CXR,CX,CX,Christmas Island,FALSE,Oceania,Australia and New Zealand,,Oceania,Australia-and-New-Zealand,,Developed,0,25145,25826,0,50971,0.0,49.33,50.67,,,,,,,,,,
KNA,KN,KN,Saint Kitts and Nevis,FALSE,Americas,Latin America and the Caribbean,Caribbean,Americas,Latin-America-and-the-Caribbean,Caribbean,Developing,0,47349,3463,0,50812,0.0,93.18,6.82,True,High income,True,High income,False,False,True,High income,False,True
COM,KM,KM,Comoros,FALSE,Africa,Sub-Saharan Africa,Eastern Africa,Africa,Sub-Saharan-Africa,Eastern-Africa,Developing,0,3385,46749,0,50134,0.0,6.75,93.25,True,Lower middle income,True,Lower middle income,True,True,True,Lower middle income,True,True
SHN,SH,SH,"Saint Helena, Ascension and Tristan da Cunha",FALSE,Africa,Sub-Saharan Africa,Western Africa,Africa,Sub-Saharan-Africa,Western-Africa,Developing,0,1504,47923,0,49427,0.0,3.04,96.96,,,,,,,,,,
GIB,GI,GI,Gibraltar,FALSE,Europe,Southern Europe,,Europe,Southern-Europe,,Developed,0,22519,25414,0,47933,0.0,46.98,53.02,,,,,,,,,,
SXM,SX,SX,Sint Maarten (Dutch part),FALSE,Americas,Latin America and the Caribbean,Caribbean,Americas,Latin-America-and-the-Caribbean,Caribbean,Developing,0,31727,12103,0,43830,0.0,72.39,27.61,,,,,,,,,,
IOT,IO,IO,British Indian Ocean Territory,FALSE,Africa,Sub-Saharan Africa,Eastern Africa,Africa,Sub-Saharan-Africa,Eastern-Africa,Developing,0,143,38384,0,38527,0.0,0.37,99.63,,,,,,,,,,
DJI,DJ,DJ,Djibouti,FALSE,Africa,Sub-Saharan Africa,Eastern Africa,Africa,Sub-Saharan-Africa,Eastern-Africa,Developing,0,48,36691,0,36739,0.0,0.13,99.87,True,Lower middle income,True,Lower middle income,True,False,True,Lower middle income,True,False
,,,,,,,,,,,,0,0,34382,0,34382,0.0,0.0,100.0,,,,,,,,,,
ERI,ER,ER,Eritrea,FALSE,Africa,Sub-Saharan Africa,Eastern Africa,Africa,Sub-Saharan-Africa,Eastern-Africa,Developing,0,156,33833,0,33989,0.0,0.46,99.54,True,Low income,True,Low income,True,False,True,Low income,True,False
SSD,SS,SS,South Sudan,FALSE,Africa,Sub-Saharan Africa,Eastern Africa,Africa,Sub-Saharan-Africa,Eastern-Africa,Developing,61,1232,29735,0,31028,0.2,3.97,95.83,True,Low income,True,Low income,True,False,True,Low income,True,False
CCK,CC,CC,Cocos (Keeling) Islands,FALSE,Oceania,Australia and New Zealand,,Oceania,Australia-and-New-Zealand,,Developed,0,11218,18357,0,29575,0.0,37.93,62.07,,,,,,,,,,
BHR,BH,BH,Bahrain,FALSE,Asia,Western Asia,,Asia,Western-Asia,,Developing,0,85,26569,0,26654,0.0,0.32,99.68,True,High income,True,High income,False,False,True,High income,False,False
PCN,PN,PN,Pitcairn,FALSE,Oceania,Polynesia,,Oceania,Polynesia,,Developing,0,1342,22743,0,24085,0.0,5.57,94.43,,,,,,,,,,
BLM,BL,BL,Saint Barthelemy,FALSE,Americas,Latin America and the Caribbean,Caribbean,Americas,Latin-America-and-the-Caribbean,Caribbean,Developing,0,10295,11326,0,21621,0.0,47.62,52.38,,,,,,,,,,
BVT,BV,BV,Bouvet Island,FALSE,Americas,Latin America and the Caribbean,South America,Americas,Latin-America-and-the-Caribbean,South-America,Developing,0,337,12276,0,12613,0.0,2.67,97.33,,,,,,,,,,
TUV,TV,TV,Tuvalu,FALSE,Oceania,Polynesia,,Oceania,Polynesia,,Developing,0,6567,5608,0,12175,0.0,53.94,46.06,True,Upper middle income,True,Upper middle income,True,True,True,Upper middle income,True,True
MCO,MC,MC,Monaco,FALSE,Europe,Western Europe,,Europe,Western-Europe,,Developed,0,3256,4667,0,7923,0.0,41.1,58.9,True,High income,True,High income,False,False,True,High income,False,False
NRU,NR,NR,Nauru,FALSE,Oceania,Micronesia,,Oceania,Micronesia,,Developing,0,3982,1497,0,5479,0.0,72.68,27.32,True,High income,True,High income,False,True,True,High income,False,True
VAT,VA,VA,Holy See (Vatican City State),FALSE,Europe,Southern Europe,,Europe,Southern-Europe,,Developed,0,483,3563,0,4046,0.0,11.94,88.06,,,,,,,,,,
,,,,,,,,,,,,0,0,3360,0,3360,0.0,0.0,100.0,,,,,,,,,,
SMR,SM,SM,San Marino,FALSE,Europe,Southern Europe,,Europe,Southern-Europe,,Developed,0,1973,1351,0,3324,0.0,59.36,40.64,True,High income,True,High income,False,False,True,High income,False,False
