iso3c,iso2c,country_code,country_name,eu27,un_region_name,un_sub_region_name,un_intermediate_region_name,un_region_clean,un_sub_region_clean,un_intermediate_region_clean,un_developed_or_developing_countries,internal_count,regional_count,external_count,unknown_count,total_count,internal_percentage,regional_percentage,external_percentage,is_cbd_party,wb_income_group,is_cbd_party_1,wb_income_group_1,is_ldc,is_sids
FRA,FR,FR,France,TRUE,Europe,Western Europe,,Europe,Western-Europe,,Developed,142147612,4324040,2798816,151,149270619,95.23,2.9,1.87,True,High income,True,High income,False,False
USA,US,US,United States,FALSE,Americas,Northern America,,Americas,Northern-America,,Developed,122774048,1632545,11730755,177,136137525,90.18,1.2,8.62,False,High income,False,High income,False,False
GBR,GB,GB,United Kingdom,FALSE,Europe,Northern Europe,,Europe,Northern-Europe,,Developed,126547437,1841056,3919727,24,132308244,95.65,1.39,2.96,True,High income,True,High income,False,False
NLD,NL,NL,Netherlands,TRUE,Europe,Western Europe,,Europe,Western-Europe,,Developed,68603544,1228523,453679,11,70285757,97.61,1.75,0.65,True,High income,True,High income,False,False
SWE,SE,SE,Sweden,TRUE,Europe,Northern Europe,,Europe,Northern-Europe,,Developed,64000590,1276880,626269,262,65904001,97.11,1.94,0.95,True,High income,True,High income,False,False
AUS,AU,AU,Australia,FALSE,Oceania,Australia and New Zealand,,Oceania,Australia-and-New-Zealand,,Developed,47363575,98087,11230957,23,58692642,80.7,0.17,19.14,True,High income,True,High income,False,False
DEU,DE,DE,Germany,TRUE,Europe,Western Europe,,Europe,Western-Europe,,Developed,35616913,8091563,3033966,271,46742713,76.2,17.31,6.49,True,High income,True,High income,False,False
,,,,,,,,,,,,0,0,38529319,3879,38533198,0.0,0.0,99.99,,,,,,
ESP,ES,ES,Spain,TRUE,Europe,Southern Europe,,Europe,Southern-Europe,,Developed,25312184,4714735,2163324,26,32190269,78.63,14.65,6.72,True,High income,True,High income,False,False
CAN,CA,CA,Canada,FALSE,Americas,Northern America,,Americas,Northern-America,,Developed,15948516,9494874,6275229,36,31718655,50.28,29.93,19.78,True,High income,True,High income,False,False
CHE,CH,CH,Switzerland,FALSE,Europe,Western Europe,,Europe,Western-Europe,,Developed,24621043,1773242,546139,6223,26946647,91.37,6.58,2.03,True,High income,True,High income,False,False
FIN,FI,FI,Finland,TRUE,Europe,Northern Europe,,Europe,Northern-Europe,,Developed,24176455,1032345,665443,1017,25875260,93.43,3.99,2.57,True,High income,True,High income,False,False
DNK,DK,DK,Denmark,TRUE,Europe,Northern Europe,,Europe,Northern-Europe,,Developed,22701136,835289,632709,62,24169196,93.93,3.46,2.62,True,High income,True,High income,False,False
NOR,NO,NO,Norway,FALSE,Europe,Northern Europe,,Europe,Northern-Europe,,Developed,21443848,1228967,362628,22685,23058128,93.0,5.33,1.57,True,High income,True,High income,False,False
BEL,BE,BE,Belgium,TRUE,Europe,Western Europe,,Europe,Western-Europe,,Developed,21156446,886190,332322,3,22374961,94.55,3.96,1.49,True,High income,True,High income,False,False
BRA,BR,BR,Brazil,FALSE,Americas,Latin America and the Caribbean,South America,Americas,Latin-America-and-the-Caribbean,South-America,Developing,13516974,2535141,2100657,35,18152807,74.46,13.97,11.57,True,Upper middle income,True,Upper middle income,False,False
MEX,MX,MX,Mexico,FALSE,Americas,Latin America and the Caribbean,Central America,Americas,Latin-America-and-the-Caribbean,Central-America,Developing,7196880,6448314,1257691,3,14902888,48.29,43.27,8.44,True,Upper middle income,True,Upper middle income,False,False
JPN,JP,JP,Japan,FALSE,Asia,Eastern Asia,,Asia,Eastern-Asia,,Developed,10807360,146423,1880040,20,12833843,84.21,1.14,14.65,True,High income,True,High income,False,False
COL,CO,CO,Colombia,FALSE,Americas,Latin America and the Caribbean,South America,Americas,Latin-America-and-the-Caribbean,South-America,Developing,10709185,1189291,698296,2,12596774,85.02,9.44,5.54,True,Upper middle income,True,Upper middle income,False,False
RUS,RU,RU,Russian Federation,FALSE,Europe,Eastern Europe,,Europe,Eastern-Europe,,Developed,4524236,1396710,5777215,5,11698166,38.67,11.94,49.39,True,High income,True,High income,False,False
CRI,CR,CR,Costa Rica,FALSE,Americas,Latin America and the Caribbean,Central America,Americas,Latin-America-and-the-Caribbean,Central-America,Developing,3987628,1670460,5441956,16,11100060,35.92,15.05,49.03,True,High income,True,High income,False,False
AUT,AT,AT,Austria,TRUE,Europe,Western Europe,,Europe,Western-Europe,,Developed,7532463,1896653,1540434,23,10969573,68.67,17.29,14.04,True,High income,True,High income,False,False
POL,PL,PL,Poland,TRUE,Europe,Eastern Europe,,Europe,Eastern-Europe,,Developed,9556333,547277,679762,95830,10879202,87.84,5.03,6.25,True,High income,True,High income,False,False
PRT,PT,PT,Portugal,TRUE,Europe,Southern Europe,,Europe,Southern-Europe,,Developed,8413301,1117738,1020535,7,10551581,79.73,10.59,9.67,True,High income,True,High income,False,False
NZL,NZ,NZ,New Zealand,FALSE,Oceania,Australia and New Zealand,,Oceania,Australia-and-New-Zealand,,Developed,5129838,174666,3499584,15,8804103,58.27,1.98,39.75,True,High income,True,High income,False,False
CHN,CN,CN,China,FALSE,Asia,Eastern Asia,,Asia,Eastern-Asia,,Developing,4245544,57602,4059833,41,8363020,50.77,0.69,48.55,True,Upper middle income,True,Upper middle income,False,False
ZAF,ZA,ZA,South Africa,FALSE,Africa,Sub-Saharan Africa,Southern Africa,Africa,Sub-Saharan-Africa,Southern-Africa,Developing,2480199,5032,4589133,3,7074367,35.06,0.07,64.87,True,Upper middle income,True,Upper middle income,False,False
KOR,KR,KR,"Korea, Republic of",FALSE,Asia,Eastern Asia,,Asia,Eastern-Asia,,Developed,5429343,21163,787400,0,6237906,87.04,0.34,12.62,True,High income,True,High income,False,False
ITA,IT,IT,Italy,TRUE,Europe,Southern Europe,,Europe,Southern-Europe,,Developed,1376755,3048131,1758224,32,6183142,22.27,49.3,28.44,True,High income,True,High income,False,False
EST,EE,EE,Estonia,TRUE,Europe,Northern Europe,,Europe,Northern-Europe,,Developed,5015238,127626,47178,35,5190077,96.63,2.46,0.91,True,High income,True,High income,False,False
CHL,CL,CL,Chile,FALSE,Americas,Latin America and the Caribbean,South America,Americas,Latin-America-and-the-Caribbean,South-America,Developing,3827845,769590,488686,319,5086440,75.26,15.13,9.61,True,High income,True,High income,False,False
TWN,TW,TW,"Taiwan, Province of China",FALSE,,,,,,,,2601036,0,1851315,4,4452355,58.42,0.0,41.58,,,,,,
IND,IN,IN,India,FALSE,Asia,Southern Asia,,Asia,Southern-Asia,,Developing,613960,30095,2499910,16,3143981,19.53,0.96,79.51,True,Lower middle income,True,Lower middle income,False,False
IDN,ID,ID,Indonesia,FALSE,Asia,South-eastern Asia,,Asia,South-eastern-Asia,,Developing,83972,116124,2900007,16,3100119,2.71,3.75,93.55,True,Upper middle income,True,Upper middle income,False,False
ARG,AR,AR,Argentina,FALSE,Americas,Latin America and the Caribbean,South America,Americas,Latin-America-and-the-Caribbean,South-America,Developing,1108476,1156837,665982,44,2931339,37.81,39.46,22.72,True,Upper middle income,True,Upper middle income,False,False
ECU,EC,EC,Ecuador,FALSE,Americas,Latin America and the Caribbean,South America,Americas,Latin-America-and-the-Caribbean,South-America,Developing,427361,1758200,673550,13,2859124,14.95,61.49,23.56,True,Upper middle income,True,Upper middle income,False,False
IRL,IE,IE,Ireland,TRUE,Europe,Northern Europe,,Europe,Northern-Europe,,Developed,1717573,996674,138589,1,2852837,60.21,34.94,4.86,True,High income,True,High income,False,False
ATA,AQ,AQ,Antarctica,FALSE,,,,,,,,37439,0,2594977,0,2632416,1.42,0.0,98.58,,,,,,
PER,PE,PE,Peru,FALSE,Americas,Latin America and the Caribbean,South America,Americas,Latin-America-and-the-Caribbean,South-America,Developing,18118,1656662,891138,17,2565935,0.71,64.56,34.73,True,Upper middle income,True,Upper middle income,False,False
MDG,MG,MG,Madagascar,FALSE,Africa,Sub-Saharan Africa,Eastern Africa,Africa,Sub-Saharan-Africa,Eastern-Africa,Developing,70780,13706,2463227,4309,2552022,2.77,0.54,96.52,True,Low income,True,Low income,True,False
UKR,UA,UA,Ukraine,FALSE,Europe,Eastern Europe,,Europe,Eastern-Europe,,Developed,1193658,329133,922289,214,2445294,48.81,13.46,37.72,True,Upper middle income,True,Upper middle income,False,False
LUX,LU,LU,Luxembourg,TRUE,Europe,Western Europe,,Europe,Western-Europe,,Developed,1820807,120423,173270,0,2114500,86.11,5.7,8.19,True,High income,True,High income,False,False
PRI,PR,PR,Puerto Rico,FALSE,Americas,Latin America and the Caribbean,Caribbean,Americas,Latin-America-and-the-Caribbean,Caribbean,Developing,6269,1874770,116148,0,1997187,0.31,93.87,5.82,,,,,,
ISR,IL,IL,Israel,FALSE,Asia,Western Asia,,Asia,Western-Asia,,Developing,1410081,285,421925,13,1832304,76.96,0.02,23.03,True,High income,True,High income,False,False
PNG,PG,PG,Papua New Guinea,FALSE,Oceania,Melanesia,,Oceania,Melanesia,,Developing,178621,465267,1141457,3,1785348,10.0,26.06,63.93,True,Lower middle income,True,Lower middle income,False,True
PHL,PH,PH,Philippines,FALSE,Asia,South-eastern Asia,,Asia,South-eastern-Asia,,Developing,18528,75587,1643172,0,1737287,1.07,4.35,94.58,True,Lower middle income,True,Lower middle income,False,False
,,,,,,,,,,,,7557,0,1684550,21,1692128,0.45,0.0,99.55,,,,,,
CZE,CZ,CZ,Czech Republic,TRUE,Europe,Eastern Europe,,Europe,Eastern-Europe,,Developed,162422,897203,606628,1480,1667733,9.74,53.8,36.37,True,High income,True,High income,False,False
GRC,GR,GR,Greece,TRUE,Europe,Southern Europe,,Europe,Southern-Europe,,Developed,32063,1094665,457235,112,1584075,2.02,69.1,28.86,True,High income,True,High income,False,False
MYS,MY,MY,Malaysia,FALSE,Asia,South-eastern Asia,,Asia,South-eastern-Asia,,Developing,4474,103974,1445542,20,1554010,0.29,6.69,93.02,True,Upper middle income,True,Upper middle income,False,False
THA,TH,TH,Thailand,FALSE,Asia,South-eastern Asia,,Asia,South-eastern-Asia,,Developing,45876,160792,1269628,13,1476309,3.11,10.89,86.0,True,Upper middle income,True,Upper middle income,False,False
SVK,SK,SK,Slovakia,TRUE,Europe,Eastern Europe,,Europe,Eastern-Europe,,Developed,1036090,234623,157740,72,1428525,72.53,16.42,11.04,True,High income,True,High income,False,False
BOL,BO,BO,"Bolivia, Plurinational State of",FALSE,Americas,Latin America and the Caribbean,South America,Americas,Latin-America-and-the-Caribbean,South-America,Developing,4292,1066939,306520,15,1377766,0.31,77.44,22.25,True,Lower middle income,True,Lower middle income,False,False
TZA,TZ,TZ,"Tanzania, United Republic of",FALSE,Africa,Sub-Saharan Africa,Eastern Africa,Africa,Sub-Saharan-Africa,Eastern-Africa,Developing,85132,35085,1240311,0,1360528,6.26,2.58,91.16,True,Lower middle income,True,Lower middle income,True,False
PAN,PA,PA,Panama,FALSE,Americas,Latin America and the Caribbean,Central America,Americas,Latin-America-and-the-Caribbean,Central-America,Developing,24,1099020,257397,11,1356452,0.0,81.02,18.98,True,High income,True,High income,False,False
VEN,VE,VE,"Venezuela, Bolivarian Republic of",FALSE,Americas,Latin America and the Caribbean,South America,Americas,Latin-America-and-the-Caribbean,South-America,Developing,275113,853484,203689,2,1332288,20.65,64.06,15.29,True,Lower middle income,True,Lower middle income,False,False
COD,CD,CD,"Congo, the Democratic Republic of the",FALSE,Africa,Sub-Saharan Africa,Middle Africa,Africa,Sub-Saharan-Africa,Middle-Africa,Developing,27215,15508,1123493,0,1166216,2.33,1.33,96.34,True,Low income,True,Low income,True,False
SJM,SJ,SJ,Svalbard and Jan Mayen,FALSE,Europe,Northern Europe,,Europe,Northern-Europe,,Developed,4696,1038886,33420,27977,1104979,0.42,94.02,3.02,,,,,,
HUN,HU,HU,Hungary,TRUE,Europe,Eastern Europe,,Europe,Eastern-Europe,,Developed,405868,319411,340646,48,1065973,38.07,29.96,31.96,True,High income,True,High income,False,False
BEN,BJ,BJ,Benin,FALSE,Africa,Sub-Saharan Africa,Western Africa,Africa,Sub-Saharan-Africa,Western-Africa,Developing,824747,26699,193694,0,1045140,78.91,2.55,18.53,True,Lower middle income,True,Lower middle income,True,False
TUR,TR,TR,Turkey,FALSE,Asia,Western Asia,,Asia,Western-Asia,,Developing,0,4979,1000600,164,1005743,0.0,0.5,99.49,True,Upper middle income,True,Upper middle income,False,False
NCL,NC,NC,New Caledonia,FALSE,Oceania,Melanesia,,Oceania,Melanesia,,Developing,22537,65705,889768,3,978013,2.3,6.72,90.98,,,,,,
KEN,KE,KE,Kenya,FALSE,Africa,Sub-Saharan Africa,Eastern Africa,Africa,Sub-Saharan-Africa,Eastern-Africa,Developing,152281,27767,705876,0,885924,17.19,3.13,79.68,True,Lower middle income,True,Lower middle income,False,False
LTU,LT,LT,Lithuania,TRUE,Europe,Northern Europe,,Europe,Northern-Europe,,Developed,8078,650455,199951,12,858496,0.94,75.77,23.29,True,High income,True,High income,False,False
CMR,CM,CM,Cameroon,FALSE,Africa,Sub-Saharan Africa,Middle Africa,Africa,Sub-Saharan-Africa,Middle-Africa,Developing,77830,81536,698655,40,858061,9.07,9.5,81.42,True,Lower middle income,True,Lower middle income,False,False
ISL,IS,IS,Iceland,FALSE,Europe,Northern Europe,,Europe,Northern-Europe,,Developed,474918,313127,69709,0,857754,55.37,36.51,8.13,True,High income,True,High income,False,False
IMN,IM,IM,Isle of Man,FALSE,Europe,Northern Europe,,Europe,Northern-Europe,,Developed,573411,246591,6560,0,826562,69.37,29.83,0.79,,,,,,
GUF,GF,GF,French Guiana,FALSE,Americas,Latin America and the Caribbean,South America,Americas,Latin-America-and-the-Caribbean,South-America,Developing,9098,248975,536777,2,794852,1.14,31.32,67.53,,,,,,
GAB,GA,GA,Gabon,FALSE,Africa,Sub-Saharan Africa,Middle Africa,Africa,Sub-Saharan-Africa,Middle-Africa,Developing,79075,45167,666988,0,791230,9.99,5.71,84.3,True,Upper middle income,True,Upper middle income,False,False
ALA,AX,AX,Aland Islands,FALSE,Europe,Northern Europe,,Europe,Northern-Europe,,Developed,0,736730,8995,20,745745,0.0,98.79,1.21,,,,,,
SAU,SA,SA,Saudi Arabia,FALSE,Asia,Western Asia,,Asia,Western-Asia,,Developing,0,717,731524,0,732241,0.0,0.1,99.9,True,High income,True,High income,False,False
AFG,AF,AF,Afghanistan,FALSE,Asia,Southern Asia,,Asia,Southern-Asia,,Developing,0,2001,723385,0,725386,0.0,0.28,99.72,True,Low income,True,Low income,True,False
REU,RE,RE,Reunion,FALSE,Africa,Sub-Saharan Africa,Eastern Africa,Africa,Sub-Saharan-Africa,Eastern-Africa,Developing,0,2505,715242,0,717747,0.0,0.35,99.65,,,,,,
CUB,CU,CU,Cuba,FALSE,Americas,Latin America and the Caribbean,Caribbean,Americas,Latin-America-and-the-Caribbean,Caribbean,Developing,58360,431507,216557,0,706424,8.26,61.08,30.66,True,Upper middle income,True,Upper middle income,False,True
VIR,VI,VI,"Virgin Islands, U.S.",FALSE,Americas,Latin America and the Caribbean,Caribbean,Americas,Latin-America-and-the-Caribbean,Caribbean,Developing,0,668313,14872,0,683185,0.0,97.82,2.18,,,,,,
GTM,GT,GT,Guatemala,FALSE,Americas,Latin America and the Caribbean,Central America,Americas,Latin-America-and-the-Caribbean,Central-America,Developing,51315,518708,106570,1,676594,7.58,76.66,15.75,True,Upper middle income,True,Upper middle income,False,False
ROU,RO,RO,Romania,TRUE,Europe,Eastern Europe,,Europe,Eastern-Europe,,Developed,0,496750,169887,31,666668,0.0,74.51,25.48,True,High income,True,High income,False,False
GRL,GL,GL,Greenland,FALSE,Americas,Northern America,,Americas,Northern-America,,Developed,9678,97152,545901,155,652886,1.48,14.88,83.61,,,,,,
MAR,MA,MA,Morocco,FALSE,Africa,Northern Africa,,Africa,Northern-Africa,,Developing,3712,237,622560,0,626509,0.59,0.04,99.37,True,Lower middle income,True,Lower middle income,False,False
SVN,SI,SI,Slovenia,TRUE,Europe,Southern Europe,,Europe,Southern-Europe,,Developed,353043,173113,99712,6,625874,56.41,27.66,15.93,True,High income,True,High income,False,False
UGA,UG,UG,Uganda,FALSE,Africa,Sub-Saharan Africa,Eastern Africa,Africa,Sub-Saharan-Africa,Eastern-Africa,Developing,101424,29835,482318,1,613578,16.53,4.86,78.61,True,Low income,True,Low income,True,False
NIC,NI,NI,Nicaragua,FALSE,Americas,Latin America and the Caribbean,Central America,Americas,Latin-America-and-the-Caribbean,Central-America,Developing,115380,452486,37996,2,605864,19.04,74.68,6.27,True,Lower middle income,True,Lower middle income,False,False
PAK,PK,PK,Pakistan,FALSE,Asia,Southern Asia,,Asia,Southern-Asia,,Developing,123396,3812,454881,1,582090,21.2,0.65,78.15,True,Lower middle income,True,Lower middle income,False,False
NAM,NA,,Namibia,FALSE,Africa,Sub-Saharan Africa,Southern Africa,Africa,Sub-Saharan-Africa,Southern-Africa,Developing,9732,142173,424374,0,576279,1.69,24.67,73.64,True,Lower middle income,True,Lower middle income,False,False
VNM,VN,VN,Viet Nam,FALSE,Asia,South-eastern Asia,,Asia,South-eastern-Asia,,Developing,12530,42143,516789,2,571464,2.19,7.37,90.43,True,Lower middle income,True,Lower middle income,False,False
HRV,HR,HR,Croatia,TRUE,Europe,Southern Europe,,Europe,Southern-Europe,,Developed,7908,333954,222566,110,564538,1.4,59.16,39.42,True,High income,True,High income,False,False
PYF,PF,PF,French Polynesia,FALSE,Oceania,Polynesia,,Oceania,Polynesia,,Developing,0,36143,521102,2,557247,0.0,6.49,93.51,,,,,,
PRY,PY,PY,Paraguay,FALSE,Americas,Latin America and the Caribbean,South America,Americas,Latin-America-and-the-Caribbean,South-America,Developing,0,386273,164182,2,550457,0.0,70.17,29.83,True,Upper middle income,True,Upper middle income,False,False
IRN,IR,IR,"Iran, Islamic Republic of",FALSE,Asia,Southern Asia,,Asia,Southern-Asia,,Developing,4251,1728,543684,510,550173,0.77,0.31,98.82,True,Upper middle income,True,Upper middle income,False,False
CIV,CI,CI,Cote d'Ivoire,FALSE,Africa,Sub-Saharan Africa,Western Africa,Africa,Sub-Saharan-Africa,Western-Africa,Developing,62787,21921,441559,0,526267,11.93,4.17,83.9,True,Lower middle income,True,Lower middle income,False,False
MOZ,MZ,MZ,Mozambique,FALSE,Africa,Sub-Saharan Africa,Eastern Africa,Africa,Sub-Saharan-Africa,Eastern-Africa,Developing,180903,46009,269931,0,496843,36.41,9.26,54.33,True,Low income,True,Low income,True,False
BGR,BG,BG,Bulgaria,TRUE,Europe,Eastern Europe,,Europe,Eastern-Europe,,Developed,40527,256528,195615,26,492696,8.23,52.07,39.7,True,High income,True,High income,False,False
HKG,HK,HK,Hong Kong,FALSE,Asia,Eastern Asia,,Asia,Eastern-Asia,,Developing,1045,900,489512,0,491457,0.21,0.18,99.6,,,,,,
GUY,GY,GY,Guyana,FALSE,Americas,Latin America and the Caribbean,South America,Americas,Latin-America-and-the-Caribbean,South-America,Developing,6787,290552,170799,0,468138,1.45,62.07,36.48,True,High income,True,High income,False,True
ETH,ET,ET,Ethiopia,FALSE,Africa,Sub-Saharan Africa,Eastern Africa,Africa,Sub-Saharan-Africa,Eastern-Africa,Developing,1771,4846,458814,0,465431,0.38,1.04,98.58,True,Low income,True,Low income,True,False
NGA,NG,NG,Nigeria,FALSE,Africa,Sub-Saharan Africa,Western Africa,Africa,Sub-Saharan-Africa,Western-Africa,Developing,72859,5880,377683,2,456424,15.96,1.29,82.75,True,Lower middle income,True,Lower middle income,False,False
JAM,JM,JM,Jamaica,FALSE,Americas,Latin America and the Caribbean,Caribbean,Americas,Latin-America-and-the-Caribbean,Caribbean,Developing,13207,356152,78588,6,447953,2.95,79.51,17.54,True,Upper middle income,True,Upper middle income,False,True
HND,HN,HN,Honduras,FALSE,Americas,Latin America and the Caribbean,Central America,Americas,Latin-America-and-the-Caribbean,Central-America,Developing,0,353184,93889,0,447073,0.0,79.0,21.0,True,Lower middle income,True,Lower middle income,False,False
GHA,GH,GH,Ghana,FALSE,Africa,Sub-Saharan Africa,Western Africa,Africa,Sub-Saharan-Africa,Western-Africa,Developing,132983,12263,270881,0,416127,31.96,2.95,65.1,True,Lower middle income,True,Lower middle income,False,False
ASM,AS,AS,American Samoa,FALSE,Oceania,Polynesia,,Oceania,Polynesia,,Developing,0,33948,379822,0,413770,0.0,8.2,91.8,,,,,,
SGP,SG,SG,Singapore,FALSE,Asia,South-eastern Asia,,Asia,South-eastern-Asia,,Developing,479,4575,402635,2,407691,0.12,1.12,98.76,True,High income,True,High income,False,True
LKA,LK,LK,Sri Lanka,FALSE,Asia,Southern Asia,,Asia,Southern-Asia,,Developing,14958,4816,387898,1,407673,3.67,1.18,95.15,True,Lower middle income,True,Lower middle income,False,False
DOM,DO,DO,Dominican Republic,FALSE,Americas,Latin America and the Caribbean,Caribbean,Americas,Latin-America-and-the-Caribbean,Caribbean,Developing,14764,333142,59015,0,406921,3.63,81.87,14.5,True,Upper middle income,True,Upper middle income,False,True
LVA,LV,LV,Latvia,TRUE,Europe,Northern Europe,,Europe,Northern-Europe,,Developed,100531,270944,31327,21,402823,24.96,67.26,7.78,True,High income,True,High income,False,False
BHS,BS,BS,Bahamas,FALSE,Americas,Latin America and the Caribbean,Caribbean,Americas,Latin-America-and-the-Caribbean,Caribbean,Developing,0,323942,70995,0,394937,0.0,82.02,17.98,True,High income,True,High income,False,True
EGY,EG,EG,Egypt,FALSE,Africa,Northern Africa,,Africa,Northern-Africa,,Developing,0,624,391254,2,391880,0.0,0.16,99.84,True,Lower middle income,True,Lower middle income,False,False
GEO,GE,GE,Georgia,FALSE,Asia,Western Asia,,Asia,Western-Asia,,Developing,17200,308,372639,5,390152,4.41,0.08,95.51,True,Upper middle income,True,Upper middle income,False,False
ZWE,ZW,ZW,Zimbabwe,FALSE,Africa,Sub-Saharan Africa,Eastern Africa,Africa,Sub-Saharan-Africa,Eastern-Africa,Developing,56432,69770,263860,0,390062,14.47,17.89,67.65,True,Lower middle income,True,Lower middle income,False,False
ZMB,ZM,ZM,Zambia,FALSE,Africa,Sub-Saharan Africa,Eastern Africa,Africa,Sub-Saharan-Africa,Eastern-Africa,Developing,3024,22680,340628,0,366332,0.83,6.19,92.98,True,Lower middle income,True,Lower middle income,True,False
SUR,SR,SR,Suriname,FALSE,Americas,Latin America and the Caribbean,South America,Americas,Latin-America-and-the-Caribbean,South-America,Developing,26059,133156,205750,0,364965,7.14,36.48,56.38,True,Upper middle income,True,Upper middle income,False,True
GLP,GP,GP,Guadeloupe,FALSE,Americas,Latin America and the Caribbean,Caribbean,Americas,Latin-America-and-the-Caribbean,Caribbean,Developing,0,56652,282273,0,338925,0.0,16.72,83.28,,,,,,
NPL,NP,NP,Nepal,FALSE,Asia,Southern Asia,,Asia,Southern-Asia,,Developing,40281,38773,259265,142,338461,11.9,11.46,76.6,True,Lower middle income,True,Lower middle income,True,False
FJI,FJ,FJ,Fiji,FALSE,Oceania,Melanesia,,Oceania,Melanesia,,Developing,38077,37492,252476,6,328051,11.61,11.43,76.96,True,Upper middle income,True,Upper middle income,False,True
UMI,UM,UM,United States Minor Outlying Islands,FALSE,Oceania,Micronesia,,Oceania,Micronesia,,Developing,0,26932,295830,0,322762,0.0,8.34,91.66,,,,,,
BLZ,BZ,BZ,Belize,FALSE,Americas,Latin America and the Caribbean,Central America,Americas,Latin-America-and-the-Caribbean,Central-America,Developing,7,257020,56725,0,313752,0.0,81.92,18.08,True,Upper middle income,True,Upper middle income,False,True
KAZ,KZ,KZ,Kazakhstan,FALSE,Asia,Central Asia,,Asia,Central-Asia,,Developing,24053,44954,240451,1,309459,7.77,14.53,77.7,True,Upper middle income,True,Upper middle income,False,False
SYR,SY,SY,Syrian Arab Republic,FALSE,Asia,Western Asia,,Asia,Western-Asia,,Developing,0,177207,128653,1,305861,0.0,57.94,42.06,True,Low income,True,Low income,False,False
DZA,DZ,DZ,Algeria,FALSE,Africa,Northern Africa,,Africa,Northern-Africa,,Developing,0,229,299660,4,299893,0.0,0.08,99.92,True,Upper middle income,True,Upper middle income,False,False
AGO,AO,AO,Angola,FALSE,Africa,Sub-Saharan Africa,Middle Africa,Africa,Sub-Saharan-Africa,Middle-Africa,Developing,43426,14554,230868,0,288848,15.03,5.04,79.93,True,Lower middle income,True,Lower middle income,True,False
GGY,GG,GG,Guernsey,FALSE,Europe,Northern Europe,Channel Islands,Europe,Northern-Europe,Channel-Islands,Developed,0,281686,4004,0,285690,0.0,98.6,1.4,,,,,,
MNG,MN,MN,Mongolia,FALSE,Asia,Eastern Asia,,Asia,Eastern-Asia,,Developing,1309,4318,258709,2,264338,0.5,1.63,97.87,True,Upper middle income,True,Upper middle income,False,False
SEN,SN,SN,Senegal,FALSE,Africa,Sub-Saharan Africa,Western Africa,Africa,Sub-Saharan-Africa,Western-Africa,Developing,17887,2718,242496,1,263102,6.8,1.03,92.17,True,Lower middle income,True,Lower middle income,False,False
MWI,MW,MW,Malawi,FALSE,Africa,Sub-Saharan Africa,Eastern Africa,Africa,Sub-Saharan-Africa,Eastern-Africa,Developing,28789,21055,210272,0,260116,11.07,8.09,80.84,True,Low income,True,Low income,True,False
SGS,GS,GS,South Georgia and the South Sandwich Islands,FALSE,Americas,Latin America and the Caribbean,South America,Americas,Latin-America-and-the-Caribbean,South-America,Developing,0,20945,233636,0,254581,0.0,8.23,91.77,,,,,,
SLB,SB,SB,Solomon Islands,FALSE,Oceania,Melanesia,,Oceania,Melanesia,,Developing,2826,65196,182508,0,250530,1.13,26.02,72.85,True,Lower middle income,True,Lower middle income,True,True
TTO,TT,TT,Trinidad and Tobago,FALSE,Americas,Latin America and the Caribbean,Caribbean,Americas,Latin-America-and-the-Caribbean,Caribbean,Developing,53981,145401,50214,0,249596,21.63,58.25,20.12,True,High income,True,High income,False,True
SYC,SC,SC,Seychelles,FALSE,Africa,Sub-Saharan Africa,Eastern Africa,Africa,Sub-Saharan-Africa,Eastern-Africa,Developing,79002,4793,162895,4,246694,32.02,1.94,66.03,True,High income,True,High income,False,True
GIN,GN,GN,Guinea,FALSE,Africa,Sub-Saharan Africa,Western Africa,Africa,Sub-Saharan-Africa,Western-Africa,Developing,43452,7530,189199,4,240185,18.09,3.14,78.77,True,Lower middle income,True,Lower middle income,True,False
BLR,BY,BY,Belarus,FALSE,Europe,Eastern Europe,,Europe,Eastern-Europe,,Developed,2419,57384,175945,0,235748,1.03,24.34,74.63,True,Upper middle income,True,Upper middle income,False,False
BFA,BF,BF,Burkina Faso,FALSE,Africa,Sub-Saharan Africa,Western Africa,Africa,Sub-Saharan-Africa,Western-Africa,Developing,6979,43521,182503,0,233003,3.0,18.68,78.33,True,Low income,True,Low income,True,False
SLV,SV,SV,El Salvador,FALSE,Americas,Latin America and the Caribbean,Central America,Americas,Latin-America-and-the-Caribbean,Central-America,Developing,0,130191,100320,0,230511,0.0,56.48,43.52,True,Upper middle income,True,Upper middle income,False,False
FSM,FM,FM,"Micronesia, Federated States of",FALSE,Oceania,Micronesia,,Oceania,Micronesia,,Developing,14,10923,215074,2,226013,0.01,4.83,95.16,True,Lower middle income,True,Lower middle income,False,True
PSE,PS,PS,"Palestine, State of",FALSE,Asia,Western Asia,,Asia,Western-Asia,,Developing,0,187372,35818,3,223193,0.0,83.95,16.05,True,Lower middle income,True,Lower middle income,False,False
MNP,MP,MP,Northern Mariana Islands,FALSE,Oceania,Micronesia,,Oceania,Micronesia,,Developing,0,442,218064,0,218506,0.0,0.2,99.8,,,,,,
BMU,BM,BM,Bermuda,FALSE,Americas,Northern America,,Americas,Northern-America,,Developed,0,110077,98575,0,208652,0.0,52.76,47.24,,,,,,
URY,UY,UY,Uruguay,FALSE,Americas,Latin America and the Caribbean,South America,Americas,Latin-America-and-the-Caribbean,South-America,Developing,13772,135316,54433,1,203522,6.77,66.49,26.75,True,High income,True,High income,False,False
MTQ,MQ,MQ,Martinique,FALSE,Americas,Latin America and the Caribbean,Caribbean,Americas,Latin-America-and-the-Caribbean,Caribbean,Developing,0,40640,158953,0,199593,0.0,20.36,79.64,,,,,,
MMR,MM,MM,Myanmar,FALSE,Asia,South-eastern Asia,,Asia,South-eastern-Asia,,Developing,0,4906,188913,0,193819,0.0,2.53,97.47,True,Lower middle income,True,Lower middle income,True,False
BWA,BW,BW,Botswana,FALSE,Africa,Sub-Saharan Africa,Southern Africa,Africa,Sub-Saharan-Africa,Southern-Africa,Developing,20031,40408,132612,0,193051,10.38,20.93,68.69,True,Upper middle income,True,Upper middle income,False,False
ATF,TF,TF,French Southern Territories,FALSE,Africa,Sub-Saharan Africa,Eastern Africa,Africa,Sub-Saharan-Africa,Eastern-Africa,Developing,0,399,192329,0,192728,0.0,0.21,99.79,,,,,,
JEY,JE,JE,Jersey,FALSE,Europe,Northern Europe,Channel Islands,Europe,Northern-Europe,Channel-Islands,Developed,0,181280,10871,0,192151,0.0,94.34,5.66,,,,,,
HTI,HT,HT,Haiti,FALSE,Americas,Latin America and the Caribbean,Caribbean,Americas,Latin-America-and-the-Caribbean,Caribbean,Developing,0,160642,24547,0,185189,0.0,86.74,13.26,True,Lower middle income,True,Lower middle income,True,True
LBR,LR,LR,Liberia,FALSE,Africa,Sub-Saharan Africa,Western Africa,Africa,Sub-Saharan-Africa,Western-Africa,Developing,5027,8039,171573,0,184639,2.72,4.35,92.92,True,Low income,True,Low income,True,False
TUN,TN,TN,Tunisia,FALSE,Africa,Northern Africa,,Africa,Northern-Africa,,Developing,0,226,182268,0,182494,0.0,0.12,99.88,True,Lower middle income,True,Lower middle income,False,False
CYP,CY,CY,Cyprus,TRUE,Asia,Western Asia,,Asia,Western-Asia,,Developing,0,735,174096,3,174834,0.0,0.42,99.58,True,High income,True,High income,False,False
KIR,KI,KI,Kiribati,FALSE,Oceania,Micronesia,,Oceania,Micronesia,,Developing,0,9791,163113,0,172904,0.0,5.66,94.34,True,Lower middle income,True,Lower middle income,True,True
OMN,OM,OM,Oman,FALSE,Asia,Western Asia,,Asia,Western-Asia,,Developing,0,1296,171460,0,172756,0.0,0.75,99.25,True,High income,True,High income,False,False
BGD,BD,BD,Bangladesh,FALSE,Asia,Southern Asia,,Asia,Southern-Asia,,Developing,71,314,170187,0,170572,0.04,0.18,99.77,True,Lower middle income,True,Lower middle income,True,False
ARM,AM,AM,Armenia,FALSE,Asia,Western Asia,,Asia,Western-Asia,,Developing,23868,2084,144572,0,170524,14.0,1.22,84.78,True,Upper middle income,True,Upper middle income,False,False
MHL,MH,MH,Marshall Islands,FALSE,Oceania,Micronesia,,Oceania,Micronesia,,Developing,0,17676,151897,0,169573,0.0,10.42,89.58,True,Upper middle income,True,Upper middle income,False,True
KGZ,KG,KG,Kyrgyzstan,FALSE,Asia,Central Asia,,Asia,Central-Asia,,Developing,0,4905,163359,0,168264,0.0,2.92,97.08,True,Lower middle income,True,Lower middle income,False,False
VUT,VU,VU,Vanuatu,FALSE,Oceania,Melanesia,,Oceania,Melanesia,,Developing,18932,30127,116073,0,165132,11.46,18.24,70.29,True,Lower middle income,True,Lower middle income,False,True
GUM,GU,GU,Guam,FALSE,Oceania,Micronesia,,Oceania,Micronesia,,Developing,0,1686,161207,0,162893,0.0,1.04,98.96,,,,,,
LAO,LA,LA,Lao People's Democratic Republic,FALSE,Asia,South-eastern Asia,,Asia,South-eastern-Asia,,Developing,0,6709,153429,0,160138,0.0,4.19,95.81,True,Lower middle income,True,Lower middle income,True,False
TON,TO,TO,Tonga,FALSE,Oceania,Polynesia,,Oceania,Polynesia,,Developing,3601,98469,56624,0,158694,2.27,62.05,35.68,True,Upper middle income,True,Upper middle income,False,True
FRO,FO,FO,Faroe Islands,FALSE,Europe,Northern Europe,,Europe,Northern-Europe,,Developed,456,147317,10479,0,158252,0.29,93.09,6.62,,,,,,
SRB,RS,RS,Serbia,FALSE,Europe,Southern Europe,,Europe,Southern-Europe,,Developed,2153,87673,55003,0,144829,1.49,60.54,37.98,True,Upper middle income,True,Upper middle income,False,False
LBN,LB,LB,Lebanon,FALSE,Asia,Western Asia,,Asia,Western-Asia,,Developing,4845,1480,135937,53,142315,3.4,1.04,95.52,True,Lower middle income,True,Lower middle income,False,False
RWA,RW,RW,Rwanda,FALSE,Africa,Sub-Saharan Africa,Eastern Africa,Africa,Sub-Saharan-Africa,Eastern-Africa,Developing,569,3975,131044,0,135588,0.42,2.93,96.65,True,Low income,True,Low income,True,False
PLW,PW,PW,Palau,FALSE,Oceania,Micronesia,,Oceania,Micronesia,,Developing,16,17875,117132,0,135023,0.01,13.24,86.75,True,High income,True,High income,False,True
YEM,YE,YE,Yemen,FALSE,Asia,Western Asia,,Asia,Western-Asia,,Developing,0,157,133931,32,134120,0.0,0.12,99.86,True,Low income,True,Low income,True,False
AND,AD,AD,Andorra,FALSE,Europe,Southern Europe,,Europe,Southern-Europe,,Developed,90182,34511,4818,3,129514,69.63,26.65,3.72,True,High income,True,High income,False,False
CPV,CV,CV,Cabo Verde,FALSE,Africa,Sub-Saharan Africa,Western Africa,Africa,Sub-Saharan-Africa,Western-Africa,Developing,0,61,129063,0,129124,0.0,0.05,99.95,True,Upper middle income,True,Upper middle income,False,True
TGO,TG,TG,Togo,FALSE,Africa,Sub-Saharan Africa,Western Africa,Africa,Sub-Saharan-Africa,Western-Africa,Developing,53239,7362,66778,0,127379,41.8,5.78,52.42,True,Low income,True,Low income,True,False
SLE,SL,SL,Sierra Leone,FALSE,Africa,Sub-Saharan Africa,Western Africa,Africa,Sub-Saharan-Africa,Western-Africa,Developing,0,7328,117880,0,125208,0.0,5.85,94.15,True,Low income,True,Low income,False,False
SDN,SD,SD,Sudan,FALSE,Africa,Northern Africa,,Africa,Northern-Africa,,Developing,0,445,124484,0,124929,0.0,0.36,99.64,True,Low income,True,Low income,True,False
AZE,AZ,AZ,Azerbaijan,FALSE,Asia,Western Asia,,Asia,Western-Asia,,Developing,16704,2082,105279,1,124066,13.46,1.68,84.86,True,Upper middle income,True,Upper middle income,False,False
MUS,MU,MU,Mauritius,FALSE,Africa,Sub-Saharan Africa,Eastern Africa,Africa,Sub-Saharan-Africa,Eastern-Africa,Developing,1022,7158,114347,3,122530,0.83,5.84,93.32,True,Upper middle income,True,Upper middle income,False,True
KHM,KH,KH,Cambodia,FALSE,Asia,South-eastern Asia,,Asia,South-eastern-Asia,,Developing,24074,7545,83266,0,114885,20.95,6.57,72.48,True,Lower middle income,True,Lower middle income,True,False
BDI,BI,BI,Burundi,FALSE,Africa,Sub-Saharan Africa,Eastern Africa,Africa,Sub-Saharan-Africa,Eastern-Africa,Developing,1148,1731,111141,0,114020,1.01,1.52,97.48,True,Low income,True,Low income,True,False
CAF,CF,CF,Central African Republic,FALSE,Africa,Sub-Saharan Africa,Middle Africa,Africa,Sub-Saharan-Africa,Middle-Africa,Developing,0,10168,103782,2,113952,0.0,8.92,91.08,True,Low income,True,Low income,True,False
UZB,UZ,UZ,Uzbekistan,FALSE,Asia,Central Asia,,Asia,Central-Asia,,Developing,32837,1550,78362,0,112749,29.12,1.37,69.5,True,Lower middle income,True,Lower middle income,False,False
MLI,ML,ML,Mali,FALSE,Africa,Sub-Saharan Africa,Western Africa,Africa,Sub-Saharan-Africa,Western-Africa,Developing,0,1516,109586,0,111102,0.0,1.36,98.64,True,Low income,True,Low income,True,False
COG,CG,CG,Congo,FALSE,Africa,Sub-Saharan Africa,Middle Africa,Africa,Sub-Saharan-Africa,Middle-Africa,Developing,155,3872,106970,1,110998,0.14,3.49,96.37,True,Lower middle income,True,Lower middle income,False,False
HMD,HM,HM,Heard Island and McDonald Islands,FALSE,Oceania,Australia and New Zealand,,Oceania,Australia-and-New-Zealand,,Developed,0,39140,70452,0,109592,0.0,35.71,64.29,,,,,,
MDV,MV,MV,Maldives,FALSE,Asia,Southern Asia,,Asia,Southern-Asia,,Developing,0,1298,105548,0,106846,0.0,1.21,98.79,True,Upper middle income,True,Upper middle income,False,True
IRQ,IQ,IQ,Iraq,FALSE,Asia,Western Asia,,Asia,Western-Asia,,Developing,0,2454,103283,0,105737,0.0,2.32,97.68,True,Upper middle income,True,Upper middle income,False,False
NER,NE,NE,Niger,FALSE,Africa,Sub-Saharan Africa,Western Africa,Africa,Sub-Saharan-Africa,Western-Africa,Developing,402,1227,98053,0,99682,0.4,1.23,98.37,True,Low income,True,Low income,True,False
CUW,CW,CW,Curacao,FALSE,Americas,Latin America and the Caribbean,Caribbean,Americas,Latin-America-and-the-Caribbean,Caribbean,Developing,0,32396,66371,0,98767,0.0,32.8,67.2,,,,,,
MNE,ME,ME,Montenegro,FALSE,Europe,Southern Europe,,Europe,Southern-Europe,,Developed,1682,53173,43285,1,98141,1.71,54.18,44.1,True,Upper middle income,True,Upper middle income,False,False
GNQ,GQ,GQ,Equatorial Guinea,FALSE,Africa,Sub-Saharan Africa,Middle Africa,Africa,Sub-Saharan-Africa,Middle-Africa,Developing,0,1757,90955,0,92712,0.0,1.9,98.1,True,Upper middle income,True,Upper middle income,False,False
STP,ST,ST,Sao Tome and Principe,FALSE,Africa,Sub-Saharan Africa,Middle Africa,Africa,Sub-Saharan-Africa,Middle-Africa,Developing,3170,619,85997,0,89786,3.53,0.69,95.78,True,Lower middle income,True,Lower middle income,True,True
DMA,DM,DM,Dominica,FALSE,Americas,Latin America and the Caribbean,Caribbean,Americas,Latin-America-and-the-Caribbean,Caribbean,Developing,0,54825,32482,0,87307,0.0,62.8,37.2,True,Upper middle income,True,Upper middle income,False,True
TJK,TJ,TJ,Tajikistan,FALSE,Asia,Central Asia,,Asia,Central-Asia,,Developing,9176,1541,76322,0,87039,10.54,1.77,87.69,True,Lower middle income,True,Lower middle income,True,False
BTN,BT,BT,Bhutan,FALSE,Asia,Southern Asia,,Asia,Southern-Asia,,Developing,6483,7291,70938,0,84712,7.65,8.61,83.74,True,Lower middle income,True,Lower middle income,False,False
ALB,AL,AL,Albania,FALSE,Europe,Southern Europe,,Europe,Southern-Europe,,Developed,2,46152,38344,0,84498,0.0,54.62,45.38,True,Upper middle income,True,Upper middle income,False,False
NIU,NU,NU,Niue,FALSE,Oceania,Polynesia,,Oceania,Polynesia,,Developing,0,7504,76354,0,83858,0.0,8.95,91.05,True,High income,True,High income,False,True
BES,BQ,BQ,"Bonaire, Sint Eustatius and Saba",FALSE,Americas,Latin America and the Caribbean,Caribbean,Americas,Latin-America-and-the-Caribbean,Caribbean,Developing,0,45178,37556,0,82734,0.0,54.61,45.39,,,,,,
MKD,MK,MK,"Macedonia, the former Yugoslav Republic of",FALSE,Europe,Southern Europe,,Europe,Southern-Europe,,Developed,1785,60186,20017,2,81990,2.18,73.41,24.41,True,Upper middle income,True,Upper middle income,False,False
MYT,YT,YT,Mayotte,FALSE,Africa,Sub-Saharan Africa,Eastern Africa,Africa,Sub-Saharan-Africa,Eastern-Africa,Developing,0,473,81447,0,81920,0.0,0.58,99.42,,,,,,
LIE,LI,LI,Liechtenstein,FALSE,Europe,Western Europe,,Europe,Western-Europe,,Developed,0,79566,2246,0,81812,0.0,97.25,2.75,True,High income,True,High income,False,False
SOM,SO,SO,Somalia,FALSE,Africa,Sub-Saharan Africa,Eastern Africa,Africa,Sub-Saharan-Africa,Eastern-Africa,Developing,939,1103,72967,0,75009,1.25,1.47,97.28,True,Low income,True,Low income,True,False
SWZ,SZ,SZ,Swaziland,FALSE,Africa,Sub-Saharan Africa,Southern Africa,Africa,Sub-Saharan-Africa,Southern-Africa,Developing,0,33502,41407,0,74909,0.0,44.72,55.28,True,Lower middle income,True,Lower middle income,False,False
PRK,KP,KP,"Korea, Democratic People's Republic of",FALSE,Asia,Eastern Asia,,Asia,Eastern-Asia,,Developing,0,45852,24148,0,70000,0.0,65.5,34.5,True,Low income,True,Low income,False,False
QAT,QA,QA,Qatar,FALSE,Asia,Western Asia,,Asia,Western-Asia,,Developing,0,130,68692,0,68822,0.0,0.19,99.81,True,High income,True,High income,False,False
WSM,WS,WS,Samoa,FALSE,Oceania,Polynesia,,Oceania,Polynesia,,Developing,6452,14311,47839,0,68602,9.4,20.86,69.73,True,Upper middle income,True,Upper middle income,False,True
BIH,BA,BA,Bosnia and Herzegovina,FALSE,Europe,Southern Europe,,Europe,Southern-Europe,,Developed,0,48535,19607,1,68143,0.0,71.23,28.77,True,Upper middle income,True,Upper middle income,False,False
COK,CK,CK,Cook Islands,FALSE,Oceania,Polynesia,,Oceania,Polynesia,,Developing,0,31433,36351,0,67784,0.0,46.37,53.63,True,High income,True,High income,False,True
BRN,BN,BN,Brunei Darussalam,FALSE,Asia,South-eastern Asia,,Asia,South-eastern-Asia,,Developing,0,141,65062,1,65204,0.0,0.22,99.78,True,High income,True,High income,False,False
MRT,MR,MR,Mauritania,FALSE,Africa,Sub-Saharan Africa,Western Africa,Africa,Sub-Saharan-Africa,Western-Africa,Developing,1812,198,62257,0,64267,2.82,0.31,96.87,True,Lower middle income,True,Lower middle income,True,False
TKL,TK,TK,Tokelau,FALSE,Oceania,Polynesia,,Oceania,Polynesia,,Developing,0,729,61798,0,62527,0.0,1.17,98.83,,,,,,
JOR,JO,JO,Jordan,FALSE,Asia,Western Asia,,Asia,Western-Asia,,Developing,0,4750,56117,0,60867,0.0,7.8,92.2,True,Lower middle income,True,Lower middle income,False,False
TCD,TD,TD,Chad,FALSE,Africa,Sub-Saharan Africa,Middle Africa,Africa,Sub-Saharan-Africa,Middle-Africa,Developing,0,66,59979,0,60045,0.0,0.11,99.89,True,Low income,True,Low income,True,False
FLK,FK,FK,Falkland Islands (Malvinas),FALSE,Americas,Latin America and the Caribbean,South America,Americas,Latin-America-and-the-Caribbean,South-America,Developing,0,15585,44383,0,59968,0.0,25.99,74.01,,,,,,
MLT,MT,MT,Malta,TRUE,Europe,Southern Europe,,Europe,Southern-Europe,,Developed,0,39270,20269,37,59576,0.0,65.92,34.02,True,High income,True,High income,False,False
CYM,KY,KY,Cayman Islands,FALSE,Americas,Latin America and the Caribbean,Caribbean,Americas,Latin-America-and-the-Caribbean,Caribbean,Developing,0,50186,5432,0,55618,0.0,90.23,9.77,,,,,,
BRB,BB,BB,Barbados,FALSE,Americas,Latin America and the Caribbean,Caribbean,Americas,Latin-America-and-the-Caribbean,Caribbean,Developing,2955,37755,12936,0,53646,5.51,70.38,24.11,True,High income,True,High income,False,True
LSO,LS,LS,Lesotho,FALSE,Africa,Sub-Saharan Africa,Southern Africa,Africa,Sub-Saharan-Africa,Southern-Africa,Developing,0,32837,20507,0,53344,0.0,61.56,38.44,True,Lower middle income,True,Lower middle income,True,False
ARE,AE,AE,United Arab Emirates,FALSE,Asia,Western Asia,,Asia,Western-Asia,,Developing,0,102,50796,0,50898,0.0,0.2,99.8,True,High income,True,High income,False,False
GMB,GM,GM,Gambia,FALSE,Africa,Sub-Saharan Africa,Western Africa,Africa,Sub-Saharan-Africa,Western-Africa,Developing,0,508,49429,0,49937,0.0,1.02,98.98,True,Low income,True,Low income,True,False
TKM,TM,TM,Turkmenistan,FALSE,Asia,Central Asia,,Asia,Central-Asia,,Developing,0,921,47766,0,48687,0.0,1.89,98.11,True,Upper middle income,True,Upper middle income,False,False
WLF,WF,WF,Wallis and Futuna,FALSE,Oceania,Polynesia,,Oceania,Polynesia,,Developing,121,10443,37865,0,48429,0.25,21.56,78.19,,,,,,
LBY,LY,LY,Libya,FALSE,Africa,Northern Africa,,Africa,Northern-Africa,,Developing,0,71,48047,0,48118,0.0,0.15,99.85,True,Upper middle income,True,Upper middle income,False,False
NFK,NF,NF,Norfolk Island,FALSE,Oceania,Australia and New Zealand,,Oceania,Australia-and-New-Zealand,,Developed,0,25755,21486,0,47241,0.0,54.52,45.48,,,,,,
COM,KM,KM,Comoros,FALSE,Africa,Sub-Saharan Africa,Eastern Africa,Africa,Sub-Saharan-Africa,Eastern-Africa,Developing,0,3375,40547,0,43922,0.0,7.68,92.32,True,Lower middle income,True,Lower middle income,True,True
VGB,VG,VG,"Virgin Islands, British",FALSE,Americas,Latin America and the Caribbean,Caribbean,Americas,Latin-America-and-the-Caribbean,Caribbean,Developing,0,30285,12312,0,42597,0.0,71.1,28.9,,,,,,
SHN,SH,SH,"Saint Helena, Ascension and Tristan da Cunha",FALSE,Africa,Sub-Saharan Africa,Western Africa,Africa,Sub-Saharan-Africa,Western-Africa,Developing,0,1504,37461,0,38965,0.0,3.86,96.14,,,,,,
GNB,GW,GW,Guinea-Bissau,FALSE,Africa,Sub-Saharan Africa,Western Africa,Africa,Sub-Saharan-Africa,Western-Africa,Developing,0,264,38641,0,38905,0.0,0.68,99.32,True,Low income,True,Low income,True,True
ESH,EH,EH,Western Sahara,FALSE,Africa,Northern Africa,,Africa,Northern-Africa,,Developing,0,20,38359,0,38379,0.0,0.05,99.95,,,,,,
IOT,IO,IO,British Indian Ocean Territory,FALSE,Africa,Sub-Saharan Africa,Eastern Africa,Africa,Sub-Saharan-Africa,Eastern-Africa,Developing,0,143,32430,0,32573,0.0,0.44,99.56,,,,,,
TLS,TL,TL,Timor-Leste,FALSE,Asia,South-eastern Asia,,Asia,South-eastern-Asia,,Developing,0,55,31802,0,31857,0.0,0.17,99.83,True,Lower middle income,True,Lower middle income,True,True
GRD,GD,GD,Grenada,FALSE,Americas,Latin America and the Caribbean,Caribbean,Americas,Latin-America-and-the-Caribbean,Caribbean,Developing,0,21735,10023,0,31758,0.0,68.44,31.56,True,Upper middle income,True,Upper middle income,False,True
MDA,MD,MD,"Moldova, Republic of",FALSE,Europe,Eastern Europe,,Europe,Eastern-Europe,,Developed,0,18250,13075,0,31325,0.0,58.26,41.74,True,Upper middle income,True,Upper middle income,False,False
CXR,CX,CX,Christmas Island,FALSE,Oceania,Australia and New Zealand,,Oceania,Australia-and-New-Zealand,,Developed,0,21152,9689,0,30841,0.0,68.58,31.42,,,,,,
VCT,VC,VC,Saint Vincent and the Grenadines,FALSE,Americas,Latin America and the Caribbean,Caribbean,Americas,Latin-America-and-the-Caribbean,Caribbean,Developing,0,24472,5580,0,30052,0.0,81.43,18.57,True,Upper middle income,True,Upper middle income,False,False
ATG,AG,AG,Antigua and Barbuda,FALSE,Americas,Latin America and the Caribbean,Caribbean,Americas,Latin-America-and-the-Caribbean,Caribbean,Developing,0,23914,4616,0,28530,0.0,83.82,16.18,True,High income,True,High income,False,True
MAC,MO,MO,Macao,FALSE,Asia,Eastern Asia,,Asia,Eastern-Asia,,Developing,0,0,27342,0,27342,0.0,0.0,100.0,,,,,,
ERI,ER,ER,Eritrea,FALSE,Africa,Sub-Saharan Africa,Eastern Africa,Africa,Sub-Saharan-Africa,Eastern-Africa,Developing,0,156,25077,0,25233,0.0,0.62,99.38,True,Low income,True,Low income,True,False
MAF,MF,MF,Saint Martin (French part),FALSE,Americas,Latin America and the Caribbean,Caribbean,Americas,Latin-America-and-the-Caribbean,Caribbean,Developing,0,6841,16534,0,23375,0.0,29.27,70.73,,,,,,
KNA,KN,KN,Saint Kitts and Nevis,FALSE,Americas,Latin America and the Caribbean,Caribbean,Americas,Latin-America-and-the-Caribbean,Caribbean,Developing,0,19469,3383,0,22852,0.0,85.2,14.8,True,High income,True,High income,False,False
TCA,TC,TC,Turks and Caicos Islands,FALSE,Americas,Latin America and the Caribbean,Caribbean,Americas,Latin-America-and-the-Caribbean,Caribbean,Developing,0,18224,3727,0,21951,0.0,83.02,16.98,,,,,,
LCA,LC,LC,Saint Lucia,FALSE,Americas,Latin America and the Caribbean,Caribbean,Americas,Latin-America-and-the-Caribbean,Caribbean,Developing,0,18184,3737,0,21921,0.0,82.95,17.05,True,Upper middle income,True,Upper middle income,False,False
SPM,PM,PM,Saint Pierre and Miquelon,FALSE,Americas,Northern America,,Americas,Northern-America,,Developed,0,5907,14113,0,20020,0.0,29.51,70.49,,,,,,
CCK,CC,CC,Cocos (Keeling) Islands,FALSE,Oceania,Australia and New Zealand,,Oceania,Australia-and-New-Zealand,,Developed,0,9900,10099,0,19999,0.0,49.5,50.5,,,,,,
KWT,KW,KW,Kuwait,FALSE,Asia,Western Asia,,Asia,Western-Asia,,Developing,0,39,19760,0,19799,0.0,0.2,99.8,True,High income,True,High income,False,False
ABW,AW,AW,Aruba,FALSE,Americas,Latin America and the Caribbean,Caribbean,Americas,Latin-America-and-the-Caribbean,Caribbean,Developing,0,9648,9942,0,19590,0.0,49.25,50.75,,,,,,
PCN,PN,PN,Pitcairn,FALSE,Oceania,Polynesia,,Oceania,Polynesia,,Developing,0,1323,18058,0,19381,0.0,6.83,93.17,,,,,,
BLM,BL,BL,Saint Barthelemy,FALSE,Americas,Latin America and the Caribbean,Caribbean,Americas,Latin-America-and-the-Caribbean,Caribbean,Developing,0,3983,10566,0,14549,0.0,27.38,72.62,,,,,,
MSR,MS,MS,Montserrat,FALSE,Americas,Latin America and the Caribbean,Caribbean,Americas,Latin-America-and-the-Caribbean,Caribbean,Developing,0,11661,2072,0,13733,0.0,84.91,15.09,,,,,,
SSD,SS,SS,South Sudan,FALSE,Africa,Sub-Saharan Africa,Eastern Africa,Africa,Sub-Saharan-Africa,Eastern-Africa,Developing,61,890,12320,0,13271,0.46,6.71,92.83,True,Low income,True,Low income,True,False
DJI,DJ,DJ,Djibouti,FALSE,Africa,Sub-Saharan Africa,Eastern Africa,Africa,Sub-Saharan-Africa,Eastern-Africa,Developing,0,48,12541,0,12589,0.0,0.38,99.62,True,Lower middle income,True,Lower middle income,True,False
BVT,BV,BV,Bouvet Island,FALSE,Americas,Latin America and the Caribbean,South America,Americas,Latin-America-and-the-Caribbean,South-America,Developing,0,162,12153,0,12315,0.0,1.32,98.68,,,,,,
TUV,TV,TV,Tuvalu,FALSE,Oceania,Polynesia,,Oceania,Polynesia,,Developing,0,6567,5547,0,12114,0.0,54.21,45.79,True,Upper middle income,True,Upper middle income,True,True
GIB,GI,GI,Gibraltar,FALSE,Europe,Southern Europe,,Europe,Southern-Europe,,Developed,0,3927,6820,0,10747,0.0,36.54,63.46,,,,,,
SXM,SX,SX,Sint Maarten (Dutch part),FALSE,Americas,Latin America and the Caribbean,Caribbean,Americas,Latin-America-and-the-Caribbean,Caribbean,Developing,0,3214,6394,0,9608,0.0,33.45,66.55,,,,,,
AIA,AI,AI,Anguilla,FALSE,Americas,Latin America and the Caribbean,Caribbean,Americas,Latin-America-and-the-Caribbean,Caribbean,Developing,0,5867,2431,0,8298,0.0,70.7,29.3,,,,,,
,,,,,,,,,,,,0,0,8111,0,8111,0.0,0.0,100.0,,,,,,
NRU,NR,NR,Nauru,FALSE,Oceania,Micronesia,,Oceania,Micronesia,,Developing,0,3972,1436,0,5408,0.0,73.45,26.55,True,High income,True,High income,False,True
BHR,BH,BH,Bahrain,FALSE,Asia,Western Asia,,Asia,Western-Asia,,Developing,0,85,5300,0,5385,0.0,1.58,98.42,True,High income,True,High income,False,False
MCO,MC,MC,Monaco,FALSE,Europe,Western Europe,,Europe,Western-Europe,,Developed,0,3043,1528,0,4571,0.0,66.57,33.43,True,High income,True,High income,False,False
,,,,,,,,,,,,0,0,3360,0,3360,0.0,0.0,100.0,,,,,,
SMR,SM,SM,San Marino,FALSE,Europe,Southern Europe,,Europe,Southern-Europe,,Developed,0,1883,146,0,2029,0.0,92.8,7.2,True,High income,True,High income,False,False
VAT,VA,VA,Holy See (Vatican City State),FALSE,Europe,Southern Europe,,Europe,Southern-Europe,,Developed,0,82,7,0,89,0.0,92.13,7.87,,,,,,
